Frequency,Average Rel Power,-,Cal Rel Power
1418.8,0.01839,0.007815,2.353178
1418.801172,0.018224,0.007816,2.331698
1418.802344,0.018147,0.00781,2.323673
1418.803516,0.018156,0.007785,2.332289
1418.804688,0.018207,0.007767,2.344162
1418.805859,0.018223,0.007753,2.350629
1418.807031,0.018247,0.007731,2.360185
1418.808203,0.018273,0.007725,2.365277
1418.809375,0.018201,0.007707,2.361537
1418.810547,0.018114,0.007675,2.360219
1418.811719,0.018044,0.00766,2.355678
1418.812891,0.017953,0.007654,2.345495
1418.814062,0.017991,0.007639,2.355056
1418.815234,0.017965,0.007621,2.357392
1418.816406,0.017935,0.007606,2.357816
1418.817578,0.017953,0.00759,2.365288
1418.81875,0.017986,0.007586,2.370883
1418.819922,0.01807,0.007571,2.386581
1418.821094,0.018059,0.007556,2.389978
1418.822266,0.017924,0.007555,2.372561
1418.823437,0.017904,0.007543,2.373684
1418.824609,0.01791,0.007528,2.378994
1418.825781,0.017776,0.007513,2.366002
1418.826953,0.017725,0.007492,2.365927
1418.828125,0.01775,0.007482,2.372411
1418.829297,0.017651,0.007488,2.357254
1418.830469,0.017651,0.007485,2.35806
1418.831641,0.017623,0.007471,2.358875
1418.832813,0.017671,0.007458,2.369471
1418.833984,0.017706,0.007455,2.375123
1418.835156,0.01767,0.007447,2.372704
1418.836328,0.017651,0.007434,2.374443
1418.8375,0.017576,0.007433,2.364685
1418.838672,0.017589,0.00743,2.367312
1418.839844,0.017695,0.007412,2.387257
1418.841016,0.017671,0.007408,2.385273
1418.842187,0.017641,0.007415,2.379007
1418.843359,0.017569,0.007407,2.37211
1418.844531,0.017519,0.007407,2.365169
1418.845703,0.017638,0.007408,2.38095
1418.846875,0.017677,0.00739,2.392124
1418.848047,0.017632,0.007384,2.387742
1418.849219,0.017598,0.007382,2.384017
1418.850391,0.017672,0.00738,2.394439
1418.851562,0.017771,0.007395,2.403071
1418.852734,0.017783,0.007405,2.401583
1418.853906,0.017735,0.007402,2.395941
1418.855078,0.017756,0.007401,2.399228
1418.85625,0.017738,0.007407,2.394623
1418.857422,0.017661,0.007407,2.384283
1418.858594,0.017631,0.007408,2.379894
1418.859766,0.017684,0.007416,2.384672
1418.860937,0.017679,0.007421,2.3823
1418.862109,0.017648,0.007432,2.374501
1418.863281,0.017763,0.007466,2.379214
1418.864453,0.01789,0.007477,2.392535
1418.865625,0.017835,0.007463,2.389693
1418.866797,0.017777,0.007465,2.381372
1418.867969,0.017753,0.007498,2.36769
1418.869141,0.017817,0.00752,2.369474
1418.870312,0.017992,0.007516,2.393828
1418.871484,0.018042,0.00753,2.395878
1418.872656,0.018012,0.007553,2.384654
1418.873828,0.018055,0.007564,2.386938
1418.875,0.0181,0.007572,2.3904
1418.876172,0.018077,0.007587,2.382751
1418.877344,0.01809,0.007604,2.378913
1418.878516,0.018222,0.007627,2.389211
1418.879688,0.01829,0.00764,2.394006
1418.880859,0.018368,0.007651,2.400749
1418.882031,0.018295,0.007665,2.386887
1418.883203,0.018276,0.00769,2.376478
1418.884375,0.018373,0.007713,2.382092
1418.885547,0.018387,0.007738,2.376292
1418.886719,0.018454,0.00777,2.37501
1418.887891,0.018553,0.007794,2.380499
1418.889062,0.018624,0.007816,2.382974
1418.890234,0.018719,0.007842,2.387001
1418.891406,0.018848,0.007864,2.39674
1418.892578,0.01885,0.007893,2.388201
1418.89375,0.018832,0.007933,2.374025
1418.894922,0.018882,0.007971,2.368789
1418.896094,0.01896,0.007986,2.374177
1418.897266,0.01892,0.008009,2.362267
1418.898438,0.018941,0.008047,2.353728
1418.899609,0.019195,0.008088,2.373404
1418.900781,0.019373,0.00812,2.385783
1418.901953,0.019487,0.008145,2.392426
1418.903125,0.019557,0.008184,2.389575
1418.904297,0.019541,0.008233,2.373456
1418.905469,0.019619,0.008275,2.370981
1418.906641,0.019631,0.008306,2.363588
1418.907812,0.019582,0.008336,2.349204
1418.908984,0.019619,0.008367,2.344674
1418.910156,0.019808,0.008391,2.360659
1418.911328,0.020004,0.008427,2.373893
1418.9125,0.020099,0.008477,2.37102
1418.913672,0.020214,0.008519,2.372852
1418.914844,0.02032,0.008547,2.377333
1418.916016,0.02042,0.008585,2.378537
1418.917187,0.020516,0.008628,2.377718
1418.918359,0.020607,0.008663,2.378717
1418.919531,0.02062,0.008709,2.367718
1418.920703,0.020733,0.008757,2.367514
1418.921875,0.020975,0.008803,2.382609
1418.923047,0.021101,0.008849,2.384602
1418.924219,0.021099,0.008878,2.376594
1418.925391,0.021185,0.008935,2.370925
1418.926563,0.021315,0.008993,2.370099
1418.927734,0.021401,0.009036,2.368485
1418.928906,0.021475,0.009074,2.366751
1418.930078,0.021588,0.009103,2.371585
1418.93125,0.021771,0.009145,2.380717
1418.932422,0.021809,0.009203,2.369721
1418.933594,0.021808,0.009244,2.35904
1418.934766,0.022034,0.009288,2.372324
1418.935937,0.022216,0.009337,2.379241
1418.937109,0.022296,0.009373,2.378736
1418.938281,0.02243,0.009427,2.379265
1418.939453,0.022545,0.009493,2.375021
1418.940625,0.022711,0.009548,2.378488
1418.941797,0.022761,0.009595,2.372199
1418.942969,0.022877,0.009639,2.373436
1418.944141,0.022976,0.00968,2.373463
1418.945312,0.023156,0.009732,2.379302
1418.946484,0.023397,0.009799,2.387679
1418.947656,0.023419,0.009855,2.376292
1418.948828,0.023461,0.009898,2.370302
1418.95,0.023646,0.00996,2.374085
1418.951172,0.023909,0.010013,2.387776
1418.952344,0.024032,0.01006,2.388782
1418.953516,0.024085,0.01012,2.379988
1418.954687,0.024198,0.010176,2.377871
1418.955859,0.024353,0.010222,2.382497
1418.957031,0.024495,0.010285,2.38155
1418.958203,0.024543,0.010342,2.373099
1418.959375,0.024589,0.010373,2.370485
1418.960547,0.024754,0.010419,2.375946
1418.961719,0.025107,0.010485,2.39458
1418.962891,0.025236,0.010551,2.391927
1418.964062,0.025132,0.010587,2.37382
1418.965234,0.025214,0.010637,2.370472
1418.966406,0.025447,0.010709,2.376313
1418.967578,0.025673,0.010757,2.386584
1418.96875,0.025837,0.010824,2.38711
1418.969922,0.025968,0.01088,2.386716
1418.971094,0.026138,0.010924,2.392792
1418.972266,0.026287,0.01099,2.392002
1418.973438,0.026424,0.011057,2.389745
1418.974609,0.026466,0.011106,2.382993
1418.975781,0.026463,0.011151,2.373193
1418.976953,0.026654,0.011194,2.381142
1418.978125,0.026888,0.011256,2.388734
1418.979297,0.027032,0.01132,2.387963
1418.980469,0.027136,0.011388,2.382911
1418.981641,0.027407,0.011457,2.39226
1418.982812,0.027419,0.011503,2.383576
1418.983984,0.027498,0.011545,2.381866
1418.985156,0.02783,0.011602,2.398607
1418.986328,0.028062,0.011652,2.408259
1418.9875,0.028233,0.011711,2.410781
1418.988672,0.028365,0.011782,2.407405
1418.989844,0.02855,0.011835,2.412309
1418.991016,0.028607,0.011892,2.405491
1418.992188,0.028658,0.011957,2.396797
1418.993359,0.028801,0.012016,2.39696
1418.994531,0.028908,0.012053,2.398407
1418.995703,0.029031,0.012097,2.399876
1418.996875,0.029034,0.012148,2.389984
1418.998047,0.029074,0.012204,2.382339
1418.999219,0.029203,0.012263,2.381366
1419.000391,0.029447,0.012335,2.387255
1419.001562,0.029843,0.012417,2.40338
1419.002734,0.029922,0.012481,2.397447
1419.003906,0.029871,0.012526,2.384691
1419.005078,0.030049,0.012573,2.390005
1419.00625,0.030368,0.012624,2.405612
1419.007422,0.030537,0.012694,2.405692
1419.008594,0.030671,0.012753,2.404929
1419.009766,0.030846,0.012809,2.408199
1419.010937,0.030911,0.012866,2.402444
1419.012109,0.03095,0.012932,2.393365
1419.013281,0.031258,0.012983,2.407539
1419.014453,0.031381,0.013016,2.410977
1419.015625,0.031538,0.01307,2.413066
1419.016797,0.031752,0.013161,2.412502
1419.017969,0.031724,0.013254,2.393461
1419.019141,0.031705,0.013301,2.383612
1419.020313,0.031825,0.013332,2.387216
1419.021484,0.032014,0.013397,2.389758
1419.022656,0.032221,0.013473,2.391614
1419.023828,0.032385,0.013537,2.39234
1419.025,0.032543,0.013576,2.39705
1419.026172,0.032562,0.013636,2.388023
1419.027344,0.03281,0.013716,2.391991
1419.028516,0.033131,0.01377,2.406078
1419.029687,0.033344,0.013799,2.416444
1419.030859,0.033503,0.013843,2.420106
1419.032031,0.033597,0.013891,2.418639
1419.033203,0.033826,0.013939,2.426687
1419.034375,0.033875,0.014008,2.418204
1419.035547,0.033756,0.014083,2.396947
1419.036719,0.033902,0.014126,2.399887
1419.037891,0.034109,0.014167,2.407654
1419.039062,0.034284,0.014237,2.408161
1419.040234,0.034489,0.014298,2.412216
1419.041406,0.034697,0.014357,2.41678
1419.042578,0.034842,0.014414,2.417128
1419.04375,0.034899,0.014468,2.412219
1419.044922,0.035098,0.014534,2.41494
1419.046094,0.035201,0.014598,2.411439
1419.047266,0.035205,0.014646,2.40374
1419.048437,0.035297,0.014695,2.402027
1419.049609,0.035396,0.014752,2.399363
1419.050781,0.035488,0.014807,2.396688
1419.051953,0.03568,0.014878,2.398198
1419.053125,0.035862,0.014951,2.398644
1419.054297,0.036091,0.014979,2.409525
1419.055469,0.036314,0.015007,2.419809
1419.056641,0.036361,0.015067,2.413284
1419.057812,0.036576,0.015137,2.416306
1419.058984,0.036788,0.015189,2.42206
1419.060156,0.036737,0.01525,2.408967
1419.061328,0.036682,0.015294,2.398445
1419.0625,0.036888,0.015323,2.407331
1419.063672,0.037063,0.015387,2.408754
1419.064844,0.037327,0.015453,2.41556
1419.066016,0.037425,0.015484,2.417
1419.067188,0.037368,0.015513,2.408839
1419.068359,0.037538,0.015558,2.412756
1419.069531,0.037803,0.015591,2.424682
1419.070703,0.037963,0.015648,2.426081
1419.071875,0.038064,0.015751,2.416677
1419.073047,0.038228,0.015823,2.41607
1419.074219,0.038185,0.01587,2.406163
1419.075391,0.038358,0.015908,2.41133
1419.076562,0.038564,0.015971,2.4147
1419.077734,0.038447,0.016027,2.398949
1419.078906,0.038502,0.016069,2.395996
1419.080078,0.038625,0.016112,2.397237
1419.08125,0.038841,0.016187,2.399497
1419.082422,0.038953,0.016244,2.398029
1419.083594,0.039039,0.016268,2.399693
1419.084766,0.039335,0.016343,2.406826
1419.085938,0.039519,0.016403,2.409243
1419.087109,0.039637,0.016441,2.410854
1419.088281,0.039755,0.016462,2.415033
1419.089453,0.039971,0.016493,2.423606
1419.090625,0.040223,0.01657,2.427531
1419.091797,0.040467,0.016649,2.430576
1419.092969,0.040511,0.016702,2.425478
1419.094141,0.040372,0.016739,2.411906
1419.095312,0.040393,0.016774,2.408019
1419.096484,0.040529,0.016823,2.409183
1419.097656,0.04064,0.016885,2.406949
1419.098828,0.040741,0.016916,2.408396
1419.1,0.040746,0.016934,2.406185
1419.101172,0.04111,0.016991,2.419496
1419.102344,0.041397,0.017054,2.427385
1419.103516,0.041455,0.017097,2.42464
1419.104687,0.041729,0.017157,2.432243
1419.105859,0.041837,0.017214,2.430382
1419.107031,0.041624,0.01728,2.408841
1419.108203,0.041892,0.017335,2.416604
1419.109375,0.042075,0.017392,2.419169
1419.110547,0.042101,0.017457,2.411741
1419.111719,0.042254,0.017497,2.414942
1419.112891,0.042476,0.017537,2.422067
1419.114063,0.042516,0.017552,2.422286
1419.115234,0.042387,0.017541,2.416425
1419.116406,0.042623,0.017578,2.424794
1419.117578,0.042923,0.017641,2.433136
1419.11875,0.042965,0.017697,2.427822
1419.119922,0.042942,0.017741,2.420435
1419.121094,0.043077,0.017782,2.422482
1419.122266,0.043447,0.017843,2.434957
1419.123437,0.043513,0.017897,2.431279
1419.124609,0.043617,0.017929,2.432812
1419.125781,0.043685,0.017955,2.432976
1419.126953,0.043802,0.017997,2.433848
1419.128125,0.043598,0.01802,2.419363
1419.129297,0.043573,0.018063,2.412278
1419.130469,0.043623,0.018133,2.405709
1419.131641,0.043835,0.018166,2.413027
1419.132812,0.044182,0.0182,2.427509
1419.133984,0.044506,0.018239,2.440139
1419.135156,0.044737,0.018267,2.449005
1419.136328,0.044755,0.018308,2.444549
1419.1375,0.04465,0.018332,2.435655
1419.138672,0.044698,0.018382,2.43165
1419.139844,0.0449,0.018425,2.436901
1419.141016,0.044859,0.018451,2.431305
1419.142187,0.044883,0.018489,2.427508
1419.143359,0.045098,0.01855,2.43121
1419.144531,0.045139,0.018598,2.427052
1419.145703,0.045322,0.018666,2.427978
1419.146875,0.045508,0.018716,2.431517
1419.148047,0.045535,0.018733,2.430773
1419.149219,0.045276,0.018739,2.416148
1419.150391,0.045339,0.018769,2.415669
1419.151562,0.04563,0.018808,2.426061
1419.152734,0.045447,0.018861,2.409535
1419.153906,0.045671,0.01891,2.415247
1419.155078,0.046054,0.01891,2.435447
1419.15625,0.046197,0.018935,2.439719
1419.157422,0.04633,0.018968,2.442525
1419.158594,0.046322,0.018986,2.439787
1419.159766,0.046166,0.019053,2.423095
1419.160938,0.046076,0.019131,2.408465
1419.162109,0.046126,0.019141,2.40977
1419.163281,0.046577,0.019138,2.433736
1419.164453,0.04689,0.019174,2.445505
1419.165625,0.04682,0.01923,2.434736
1419.166797,0.046592,0.01924,2.421651
1419.167969,0.046528,0.019282,2.41308
1419.169141,0.046851,0.019297,2.427842
1419.170312,0.047078,0.01931,2.43796
1419.171484,0.04715,0.019341,2.437835
1419.172656,0.047063,0.019361,2.430821
1419.173828,0.047064,0.019402,2.425682
1419.175,0.047234,0.019444,2.429284
1419.176172,0.047485,0.019487,2.436792
1419.177344,0.047394,0.019511,2.429096
1419.178516,0.047356,0.019587,2.417716
1419.179688,0.047571,0.01963,2.42336
1419.180859,0.047851,0.019654,2.434627
1419.182031,0.048048,0.01966,2.443925
1419.183203,0.048008,0.019678,2.439705
1419.184375,0.047791,0.019717,2.423866
1419.185547,0.047521,0.019749,2.406287
1419.186719,0.047628,0.01976,2.410387
1419.187891,0.04778,0.019794,2.413846
1419.189062,0.048094,0.019813,2.427424
1419.190234,0.048519,0.019831,2.446647
1419.191406,0.048434,0.019856,2.439267
1419.192578,0.048488,0.019899,2.436774
1419.19375,0.048745,0.019913,2.447898
1419.194922,0.048875,0.019911,2.4547
1419.196094,0.048837,0.019949,2.448114
1419.197266,0.048804,0.020006,2.439495
1419.198437,0.048798,0.020019,2.437548
1419.199609,0.04873,0.020029,2.432963
1419.200781,0.048614,0.020054,2.424116
1419.201953,0.048591,0.020069,2.421201
1419.203125,0.048686,0.020067,2.426219
1419.204297,0.048624,0.020082,2.421278
1419.205469,0.048773,0.020136,2.422187
1419.206641,0.049116,0.020163,2.435984
1419.207813,0.049286,0.020162,2.444519
1419.208984,0.049187,0.020186,2.436767
1419.210156,0.048971,0.020253,2.41799
1419.211328,0.049004,0.020283,2.416042
1419.2125,0.04919,0.020264,2.427534
1419.213672,0.049264,0.020216,2.436842
1419.214844,0.049256,0.020256,2.431655
1419.216016,0.049148,0.020326,2.418027
1419.217187,0.049287,0.020318,2.42579
1419.218359,0.049428,0.020311,2.433517
1419.219531,0.049361,0.020345,2.426163
1419.220703,0.049456,0.020355,2.429723
1419.221875,0.049713,0.020395,2.437535
1419.223047,0.04978,0.020448,2.434451
1419.224219,0.049621,0.020434,2.428299
1419.225391,0.049678,0.020391,2.436267
1419.226562,0.049672,0.020443,2.429806
1419.227734,0.049716,0.020521,2.42275
1419.228906,0.049945,0.020544,2.431066
1419.230078,0.049799,0.020529,2.425741
1419.23125,0.049987,0.020517,2.436347
1419.232422,0.05002,0.020523,2.437319
1419.233594,0.049851,0.020549,2.425938
1419.234766,0.049688,0.020581,2.414244
1419.235937,0.049736,0.020565,2.418539
1419.237109,0.049782,0.020556,2.421778
1419.238281,0.050041,0.020589,2.430393
1419.239453,0.050183,0.020614,2.434392
1419.240625,0.050197,0.020623,2.434013
1419.241797,0.050312,0.020625,2.439321
1419.242969,0.050514,0.020647,2.446562
1419.244141,0.050727,0.020673,2.453788
1419.245312,0.050604,0.02067,2.448168
1419.246484,0.050421,0.020673,2.439036
1419.247656,0.050477,0.020684,2.440426
1419.248828,0.050579,0.020715,2.441672
1419.25,0.050611,0.020726,2.441882
1419.251172,0.050651,0.02073,2.443366
1419.252344,0.050633,0.020752,2.439925
1419.253516,0.050336,0.020751,2.425716
1419.254688,0.050156,0.020738,2.418594
1419.255859,0.050383,0.020745,2.428741
1419.257031,0.050564,0.020786,2.432602
1419.258203,0.050689,0.020775,2.439938
1419.259375,0.050753,0.020742,2.446906
1419.260547,0.050587,0.020749,2.438063
1419.261719,0.050688,0.02075,2.442803
1419.262891,0.050643,0.02074,2.441786
1419.264062,0.050511,0.020791,2.429462
1419.265234,0.050456,0.02081,2.424545
1419.266406,0.050415,0.020769,2.427376
1419.267578,0.050656,0.02075,2.441219
1419.26875,0.050452,0.020803,2.425196
1419.269922,0.050267,0.02085,2.410937
1419.271094,0.050806,0.02082,2.440207
1419.272266,0.051153,0.020834,2.455219
1419.273438,0.051093,0.020837,2.452039
1419.274609,0.051013,0.020807,2.451705
1419.275781,0.051011,0.020818,2.450403
1419.276953,0.051067,0.02086,2.448017
1419.278125,0.051076,0.020898,2.444026
1419.279297,0.0509,0.020921,2.432943
1419.280469,0.050962,0.020877,2.441108
1419.281641,0.051171,0.020857,2.453396
1419.282812,0.050894,0.020855,2.440393
1419.283984,0.050613,0.02083,2.42988
1419.285156,0.0507,0.020847,2.43199
1419.286328,0.050821,0.020846,2.437876
1419.2875,0.050686,0.02085,2.431027
1419.288672,0.050969,0.020888,2.440107
1419.289844,0.051123,0.020911,2.444855
1419.291016,0.050885,0.020902,2.434428
1419.292187,0.050858,0.02089,2.434518
1419.293359,0.051108,0.020906,2.444693
1419.294531,0.051245,0.020927,2.448748
1419.295703,0.051257,0.020917,2.450452
1419.296875,0.051087,0.0209,2.444383
1419.298047,0.050917,0.020892,2.437113
1419.299219,0.050711,0.020921,2.423877
1419.300391,0.050609,0.020909,2.420363
1419.301563,0.050982,0.020875,2.442249
1419.302734,0.051297,0.020915,2.452701
1419.303906,0.051083,0.02096,2.437228
1419.305078,0.051064,0.020981,2.43381
1419.30625,0.051175,0.020955,2.442147
1419.307422,0.051266,0.020921,2.450457
1419.308594,0.051029,0.020895,2.442111
1419.309766,0.050951,0.020901,2.437767
1419.310937,0.051376,0.020918,2.456094
1419.312109,0.051364,0.020897,2.457989
1419.313281,0.051053,0.020876,2.445488
1419.314453,0.050902,0.020872,2.438834
1419.315625,0.050726,0.020889,2.428367
1419.316797,0.050766,0.020909,2.427981
1419.317969,0.050896,0.020875,2.438084
1419.319141,0.05094,0.020894,2.438007
1419.320312,0.050807,0.020902,2.43067
1419.321484,0.050413,0.020866,2.416008
1419.322656,0.050588,0.020869,2.424065
1419.323828,0.05102,0.020865,2.445244
1419.325,0.051033,0.02086,2.446481
1419.326172,0.05107,0.02085,2.449345
1419.327344,0.051042,0.020837,2.449569
1419.328516,0.050877,0.020839,2.441468
1419.329687,0.050723,0.020852,2.432554
1419.330859,0.050805,0.020847,2.437044
1419.332031,0.050737,0.020816,2.43737
1419.333203,0.050711,0.020821,2.435549
1419.334375,0.050668,0.020817,2.434002
1419.335547,0.050752,0.020813,2.438455
1419.336719,0.050944,0.020815,2.447507
1419.337891,0.050764,0.020802,2.440365
1419.339062,0.050582,0.020781,2.434104
1419.340234,0.05061,0.020758,2.43803
1419.341406,0.050557,0.020778,2.4332
1419.342578,0.050592,0.020804,2.431857
1419.34375,0.050819,0.02081,2.442099
1419.344922,0.050805,0.020788,2.443929
1419.346094,0.050951,0.020754,2.454971
1419.347266,0.051035,0.02075,2.459482
1419.348438,0.050914,0.02075,2.453634
1419.349609,0.050453,0.020744,2.432136
1419.350781,0.050377,0.020729,2.430237
1419.351953,0.050465,0.020712,2.436478
1419.353125,0.050214,0.020701,2.425647
1419.354297,0.050257,0.020694,2.428588
1419.355469,0.050413,0.020669,2.439092
1419.356641,0.050376,0.020638,2.440908
1419.357812,0.050077,0.020625,2.427977
1419.358984,0.05002,0.020646,2.422679
1419.360156,0.05022,0.020669,2.429727
1419.361328,0.050105,0.020669,2.42421
1419.3625,0.050291,0.020646,2.435922
1419.363672,0.050664,0.020625,2.45645
1419.364844,0.050399,0.020596,2.447025
1419.366016,0.050162,0.020549,2.441132
1419.367188,0.05001,0.02055,2.433522
1419.368359,0.049784,0.020567,2.420519
1419.369531,0.049869,0.020533,2.428643
1419.370703,0.049929,0.020513,2.433977
1419.371875,0.050023,0.02053,2.436544
1419.373047,0.050304,0.020534,2.449808
1419.374219,0.050124,0.020527,2.441875
1419.375391,0.049874,0.020516,2.430942
1419.376562,0.049612,0.020509,2.418994
1419.377734,0.049923,0.020499,2.43543
1419.378906,0.050022,0.020527,2.436892
1419.380078,0.049714,0.020551,2.41906
1419.38125,0.0496,0.020504,2.419036
1419.382422,0.049776,0.020469,2.43178
1419.383594,0.05,0.020443,2.445861
1419.384766,0.050029,0.020446,2.446843
1419.385937,0.05,0.020443,2.445855
1419.387109,0.050047,0.02043,2.449619
1419.388281,0.050035,0.020396,2.453195
1419.389453,0.049815,0.020382,2.443997
1419.390625,0.049709,0.020406,2.436046
1419.391797,0.049677,0.020468,2.427128
1419.392969,0.049715,0.020482,2.427276
1419.394141,0.049606,0.020408,2.43074
1419.395313,0.049411,0.020353,2.427745
1419.396484,0.049469,0.020336,2.432566
1419.397656,0.049568,0.020319,2.439537
1419.398828,0.04948,0.020309,2.436361
1419.4,0.049297,0.020337,2.424033
1419.401172,0.049438,0.020318,2.433264
1419.402344,0.049381,0.020261,2.437225
1419.403516,0.04934,0.020259,2.435406
1419.404687,0.049563,0.020284,2.44351
1419.405859,0.049603,0.020282,2.445617
1419.407031,0.049308,0.020244,2.435729
1419.408203,0.048988,0.020229,2.421631
1419.409375,0.048861,0.020202,2.418638
1419.410547,0.049215,0.020191,2.43748
1419.411719,0.049516,0.020212,2.449776
1419.412891,0.0493,0.020224,2.437664
1419.414062,0.049303,0.020325,2.425719
1419.415234,0.049362,0.020466,2.411958
1419.416406,0.04916,0.020293,2.422499
1419.417578,0.049039,0.02016,2.432439
1419.41875,0.049039,0.02016,2.432505
1419.419922,0.049364,0.020132,2.452059
1419.421094,0.049522,0.02011,2.462528
1419.422266,0.049152,0.020107,2.444515
1419.423437,0.049017,0.020112,2.437169
1419.424609,0.049101,0.020111,2.441496
1419.425781,0.049075,0.020079,2.444079
1419.426953,0.048926,0.020053,2.439799
1419.428125,0.04889,0.020042,2.439386
1419.429297,0.048761,0.020039,2.433336
1419.430469,0.048697,0.020026,2.431746
1419.431641,0.048522,0.019999,2.426237
1419.432812,0.048543,0.019971,2.430712
1419.433984,0.048601,0.019988,2.431554
1419.435156,0.048387,0.019972,2.422748
1419.436328,0.048332,0.019918,2.426586
1419.4375,0.04844,0.019961,2.426753
1419.438672,0.048781,0.019972,2.442497
1419.439844,0.048873,0.019937,2.451357
1419.441016,0.048417,0.019906,2.432232
1419.442188,0.048144,0.019872,2.422681
1419.443359,0.048246,0.019863,2.428932
1419.444531,0.048443,0.019864,2.438782
1419.445703,0.048409,0.01986,2.43746
1419.446875,0.048356,0.019859,2.434959
1419.448047,0.04842,0.019865,2.437509
1419.449219,0.048495,0.019876,2.439875
1419.450391,0.048507,0.01986,2.442381
1419.451562,0.048204,0.01983,2.430866
1419.452734,0.048066,0.019798,2.427772
1419.453906,0.048284,0.019766,2.442741
1419.455078,0.048266,0.01975,2.443873
1419.45625,0.048302,0.019755,2.445083
1419.457422,0.048491,0.01973,2.457772
1419.458594,0.048366,0.019731,2.451233
1419.459766,0.047912,0.019729,2.428521
1419.460938,0.047816,0.019685,2.429052
1419.462109,0.048099,0.019678,2.44435
1419.463281,0.047978,0.019696,2.435908
1419.464453,0.0476,0.01971,2.415052
1419.465625,0.047591,0.019687,2.417438
1419.466797,0.047905,0.019647,2.438266
1419.467969,0.048107,0.01966,2.446935
1419.469141,0.047879,0.019669,2.434209
1419.470312,0.047578,0.019623,2.424586
1419.471484,0.047631,0.019613,2.42853
1419.472656,0.047669,0.019679,2.422348
1419.473828,0.048692,0.02019,2.411662
1419.475,0.049968,0.020847,2.396887
1419.476172,0.048756,0.020192,2.41466
1419.477344,0.047938,0.019658,2.438655
1419.478516,0.047922,0.01959,2.446237
1419.479687,0.047658,0.019566,2.435684
1419.480859,0.04739,0.019532,2.426239
1419.482031,0.047428,0.019502,2.431929
1419.483203,0.047752,0.019487,2.4505
1419.484375,0.048008,0.019515,2.460121
1419.485547,0.048012,0.019548,2.456087
1419.486719,0.047776,0.019528,2.446583
1419.487891,0.047555,0.019515,2.436865
1419.489063,0.047528,0.019507,2.436506
1419.490234,0.047266,0.019485,2.425696
1419.491406,0.047143,0.019453,2.423397
1419.492578,0.047122,0.019451,2.42256
1419.49375,0.047224,0.019457,2.42711
1419.494922,0.047502,0.019421,2.44587
1419.496094,0.047376,0.019403,2.441721
1419.497266,0.047162,0.019418,2.428838
1419.498437,0.04717,0.019388,2.432904
1419.499609,0.047232,0.019378,2.437367
1419.500781,0.047192,0.019385,2.434421
1419.501953,0.047133,0.019416,2.427571
1419.503125,0.047295,0.019432,2.433831
1419.504297,0.047433,0.01938,2.447533
1419.505469,0.047356,0.019343,2.44828
1419.506641,0.047175,0.019312,2.442793
1419.507812,0.047128,0.019292,2.442808
1419.508984,0.047167,0.019322,2.441098
1419.510156,0.047255,0.019323,2.445567
1419.511328,0.047348,0.019281,2.455679
1419.5125,0.047128,0.019294,2.442589
1419.513672,0.046954,0.019312,2.431347
1419.514844,0.046885,0.019252,2.435393
1419.516016,0.04684,0.019225,2.436424
1419.517187,0.046916,0.019269,2.434741
1419.518359,0.046941,0.019255,2.437793
1419.519531,0.046966,0.019231,2.442135
1419.520703,0.047119,0.019235,2.44963
1419.521875,0.046996,0.019228,2.444173
1419.523047,0.046638,0.019228,2.42556
1419.524219,0.04653,0.019222,2.420712
1419.525391,0.046559,0.019189,2.426314
1419.526562,0.046614,0.019178,2.430548
1419.527734,0.046811,0.019167,2.442312
1419.528906,0.047019,0.019169,2.452935
1419.530078,0.046965,0.01918,2.448687
1419.53125,0.046685,0.019184,2.433478
1419.532422,0.046662,0.019172,2.433827
1419.533594,0.046892,0.019154,2.448103
1419.534766,0.04693,0.019149,2.450746
1419.535938,0.046865,0.019146,2.447742
1419.537109,0.046697,0.019122,2.441978
1419.538281,0.046358,0.019122,2.42435
1419.539453,0.046412,0.019096,2.430483
1419.540625,0.046657,0.019068,2.446834
1419.541797,0.046745,0.019074,2.450674
1419.542969,0.046576,0.019103,2.438108
1419.544141,0.046491,0.019137,2.429405
1419.545312,0.046701,0.019138,2.440288
1419.546484,0.046709,0.019122,2.442627
1419.547656,0.046578,0.019117,2.436533
1419.548828,0.046348,0.019129,2.422907
1419.55,0.046257,0.019117,2.419704
1419.551172,0.046456,0.019079,2.434989
1419.552344,0.046461,0.019047,2.43932
1419.553516,0.046326,0.019033,2.433943
1419.554688,0.046302,0.019022,2.434093
1419.555859,0.046421,0.01902,2.440673
1419.557031,0.046315,0.019002,2.43738
1419.558203,0.046425,0.019001,2.443253
1419.559375,0.046646,0.019008,2.454053
1419.560547,0.046704,0.019036,2.453443
1419.561719,0.046528,0.019041,2.443522
1419.562891,0.046177,0.019034,2.425991
1419.564062,0.04629,0.019013,2.434664
1419.565234,0.046503,0.018976,2.450678
1419.566406,0.046577,0.019006,2.450682
1419.567578,0.046383,0.019023,2.43819
1419.56875,0.04617,0.018983,2.432209
1419.569922,0.046189,0.018963,2.435762
1419.571094,0.046316,0.018978,2.440526
1419.572266,0.046172,0.018992,2.431151
1419.573437,0.046186,0.019016,2.428761
1419.574609,0.046405,0.019019,2.43995
1419.575781,0.0465,0.018983,2.449507
1419.576953,0.046442,0.018988,2.445831
1419.578125,0.046295,0.019011,2.435136
1419.579297,0.046415,0.019017,2.440735
1419.580469,0.046388,0.018959,2.446685
1419.581641,0.046103,0.018921,2.43661
1419.582813,0.046191,0.018965,2.435672
1419.583984,0.046226,0.018977,2.435958
1419.585156,0.04621,0.01893,2.441149
1419.586328,0.046165,0.018956,2.435415
1419.5875,0.04603,0.018993,2.423521
1419.588672,0.046103,0.018985,2.428381
1419.589844,0.046259,0.018947,2.441482
1419.591016,0.046073,0.018925,2.434488
1419.592187,0.046042,0.018934,2.431736
1419.593359,0.046124,0.018898,2.44062
1419.594531,0.046228,0.018896,2.446393
1419.595703,0.046255,0.018911,2.445932
1419.596875,0.046272,0.01893,2.444322
1419.598047,0.046269,0.018932,2.44388
1419.599219,0.046278,0.01895,2.442101
1419.600391,0.046136,0.018999,2.428373
1419.601562,0.045913,0.018956,2.422133
1419.602734,0.045866,0.01893,2.422991
1419.603906,0.046154,0.018956,2.43482
1419.605078,0.046288,0.018937,2.444293
1419.60625,0.046002,0.018922,2.431065
1419.607422,0.046023,0.018933,2.430806
1419.608594,0.046265,0.018961,2.440012
1419.609766,0.046384,0.018974,2.444671
1419.610937,0.046148,0.018936,2.437028
1419.612109,0.046256,0.018881,2.449887
1419.613281,0.046623,0.018887,2.468455
1419.614453,0.046597,0.018928,2.461816
1419.615625,0.04639,0.018935,2.449995
1419.616797,0.046388,0.018929,2.450579
1419.617969,0.04623,0.018936,2.441353
1419.619141,0.046465,0.018967,2.449783
1419.620312,0.046539,0.018975,2.452664
1419.621484,0.046368,0.018985,2.442308
1419.622656,0.046362,0.018973,2.443653
1419.623828,0.046309,0.018945,2.444395
1419.625,0.046132,0.018902,2.440531
1419.626172,0.046175,0.018888,2.444682
1419.627344,0.046141,0.018953,2.434541
1419.628516,0.046131,0.01897,2.431773
1419.629688,0.046256,0.01895,2.441005
1419.630859,0.04617,0.018933,2.438578
1419.632031,0.046077,0.018929,2.434145
1419.633203,0.04597,0.018923,2.429358
1419.634375,0.045975,0.018906,2.431706
1419.635547,0.046278,0.018936,2.443962
1419.636719,0.046536,0.018971,2.452964
1419.637891,0.04643,0.018949,2.450286
1419.639062,0.04627,0.018974,2.438642
1419.640234,0.046237,0.018996,2.434103
1419.641406,0.046216,0.018985,2.434359
1419.642578,0.046237,0.01899,2.43482
1419.64375,0.04612,0.018989,2.428714
1419.644922,0.046157,0.018994,2.430081
1419.646094,0.046242,0.018959,2.439069
1419.647266,0.046452,0.018953,2.450952
1419.648438,0.046556,0.018968,2.454476
1419.649609,0.046281,0.018972,2.43946
1419.650781,0.04625,0.018966,2.438594
1419.651953,0.046439,0.018961,2.449216
1419.653125,0.046271,0.018986,2.43708
1419.654297,0.046152,0.018998,2.429303
1419.655469,0.046185,0.018989,2.432216
1419.656641,0.046141,0.019012,2.426886
1419.657812,0.046453,0.019044,2.439264
1419.658984,0.046754,0.019052,2.453988
1419.660156,0.046599,0.019026,2.449206
1419.661328,0.046238,0.019018,2.431218
1419.6625,0.046231,0.019022,2.430396
1419.663672,0.046399,0.019014,2.440316
1419.664844,0.046675,0.019008,2.455531
1419.666016,0.046751,0.019027,2.45708
1419.667187,0.046389,0.019022,2.438673
1419.668359,0.046134,0.019039,2.423074
1419.669531,0.046436,0.019058,2.436619
1419.670703,0.046601,0.019067,2.444084
1419.671875,0.046519,0.019078,2.438313
1419.673047,0.046658,0.019066,2.447184
1419.674219,0.046739,0.019059,2.452394
1419.675391,0.046602,0.019062,2.444698
1419.676563,0.04675,0.019052,2.453866
1419.677734,0.046728,0.019044,2.453677
1419.678906,0.046516,0.019078,2.438264
1419.680078,0.046461,0.019132,2.428457
1419.68125,0.046669,0.019132,2.439281
1419.682422,0.047085,0.0191,2.465132
1419.683594,0.047158,0.019096,2.469494
1419.684766,0.046911,0.01911,2.454801
1419.685937,0.046711,0.019118,2.443285
1419.687109,0.046802,0.019117,2.448203
1419.688281,0.046921,0.019134,2.452254
1419.689453,0.046855,0.019147,2.447097
1419.690625,0.046719,0.019161,2.438246
1419.691797,0.046799,0.019167,2.441585
1419.692969,0.046682,0.019162,2.436159
1419.694141,0.046462,0.01919,2.421108
1419.695312,0.046683,0.019213,2.429782
1419.696484,0.046697,0.019183,2.434257
1419.697656,0.046564,0.019179,2.427811
1419.698828,0.046644,0.019203,2.428925
1419.7,0.046898,0.019218,2.440304
1419.701172,0.04718,0.01922,2.454721
1419.702344,0.047055,0.019232,2.446719
1419.703516,0.047116,0.019246,2.448025
1419.704687,0.047352,0.019254,2.459353
1419.705859,0.047201,0.019249,2.452061
1419.707031,0.046906,0.019228,2.439479
1419.708203,0.047087,0.019216,2.450464
1419.709375,0.047384,0.019226,2.464586
1419.710547,0.04713,0.019261,2.446867
1419.711719,0.046849,0.019311,2.426051
1419.712891,0.047032,0.019312,2.435361
1419.714062,0.047086,0.019301,2.439621
1419.715234,0.047092,0.019294,2.440767
1419.716406,0.047311,0.019296,2.451845
1419.717578,0.047423,0.019297,2.457529
1419.71875,0.047179,0.019318,2.442298
1419.719922,0.047171,0.019367,2.435661
1419.721094,0.047545,0.01939,2.451974
1419.722266,0.047505,0.019366,2.452988
1419.723438,0.047213,0.019381,2.436056
1419.724609,0.047058,0.019406,2.424901
1419.725781,0.047125,0.019387,2.430815
1419.726953,0.047171,0.019367,2.435561
1419.728125,0.047244,0.019416,2.433236
1419.729297,0.047232,0.019442,2.429348
1419.730469,0.047248,0.019428,2.431953
1419.731641,0.047535,0.019439,2.445275
1419.732812,0.047751,0.019457,2.454165
1419.733984,0.047688,0.019455,2.451251
1419.735156,0.047566,0.01946,2.444241
1419.736328,0.047588,0.019477,2.443359
1419.7375,0.047527,0.019471,2.44099
1419.738672,0.047405,0.019479,2.433707
1419.739844,0.047646,0.019472,2.446949
1419.741016,0.047614,0.019455,2.447339
1419.742188,0.047259,0.01946,2.428586
1419.743359,0.047346,0.019491,2.429127
1419.744531,0.047704,0.019509,2.445286
1419.745703,0.047704,0.019513,2.444762
1419.746875,0.04762,0.019556,2.435057
1419.748047,0.0476,0.019595,2.429179
1419.749219,0.047753,0.019579,2.439023
1419.750391,0.047895,0.019576,2.446692
1419.751562,0.04771,0.019597,2.434578
1419.752734,0.047812,0.019604,2.438865
1419.753906,0.04819,0.019587,2.460386
1419.755078,0.048133,0.019576,2.458793
1419.75625,0.048129,0.019584,2.457514
1419.757422,0.04804,0.019604,2.450489
1419.758594,0.047901,0.019623,2.441067
1419.759766,0.048035,0.019643,2.445374
1419.760937,0.048075,0.01961,2.451626
1419.762109,0.048193,0.019599,2.458945
1419.763281,0.04816,0.019643,2.451803
1419.764453,0.047951,0.019657,2.439347
1419.765625,0.047979,0.019651,2.441633
1419.766797,0.048097,0.019712,2.439954
1419.767969,0.048086,0.019762,2.433178
1419.769141,0.048119,0.019715,2.440725
1419.770313,0.048405,0.019684,2.459126
1419.771484,0.048602,0.019745,2.461541
1419.772656,0.04847,0.019785,2.449762
1419.773828,0.048396,0.019781,2.446638
1419.775,0.048156,0.019781,2.434414
1419.776172,0.04817,0.019806,2.432131
1419.777344,0.048138,0.019824,2.428231
1419.778516,0.048105,0.019815,2.427721
1419.779687,0.048355,0.019808,2.44123
1419.780859,0.048499,0.019795,2.450084
1419.782031,0.048292,0.019794,2.439745
1419.783203,0.048274,0.019851,2.431853
1419.784375,0.048462,0.019892,2.436256
1419.785547,0.048498,0.01987,2.440763
1419.786719,0.048593,0.019886,2.443568
1419.787891,0.048885,0.019901,2.456445
1419.789062,0.049028,0.019869,2.467515
1419.790234,0.048833,0.019871,2.457458
1419.791406,0.048901,0.019901,2.457186
1419.792578,0.049385,0.019929,2.478088
1419.79375,0.049507,0.019926,2.484526
1419.794922,0.049344,0.019899,2.479689
1419.796094,0.049178,0.019916,2.469322
1419.797266,0.049156,0.01992,2.46765
1419.798437,0.049038,0.019942,2.458992
1419.799609,0.048694,0.019972,2.438149
1419.800781,0.048728,0.019998,2.436582
1419.801953,0.04861,0.020023,2.42771
1419.803125,0.048571,0.019993,2.429402
1419.804297,0.048518,0.020007,2.425096
1419.805469,0.048779,0.020059,2.431757
1419.806641,0.049031,0.020068,2.44328
1419.807812,0.049017,0.020037,2.446322
1419.808984,0.0488,0.02002,2.437505
1419.810156,0.049058,0.020072,2.444123
1419.811328,0.04927,0.020088,2.452734
1419.8125,0.049313,0.020062,2.457969
1419.813672,0.049347,0.02006,2.459954
1419.814844,0.049213,0.020073,2.451659
1419.816016,0.04922,0.020078,2.451432
1419.817188,0.049472,0.020056,2.466689
1419.818359,0.049421,0.020095,2.459421
1419.819531,0.049141,0.020151,2.438674
1419.820703,0.049145,0.020151,2.438845
1419.821875,0.049303,0.020147,2.447153
1419.823047,0.049317,0.020157,2.446612
1419.824219,0.049315,0.020161,2.446109
1419.825391,0.049516,0.020149,2.457557
1419.826562,0.049779,0.020142,2.471438
1419.827734,0.049825,0.020168,2.470454
1419.828906,0.049534,0.020176,2.45506
1419.830078,0.049563,0.020175,2.456656
1419.83125,0.049634,0.020204,2.4566
1419.832422,0.049483,0.020221,2.447141
1419.833594,0.049424,0.020232,2.442892
1419.834766,0.049682,0.020265,2.451581
1419.835938,0.049711,0.020287,2.450392
1419.837109,0.049666,0.020292,2.447603
1419.838281,0.049853,0.020273,2.459044
1419.839453,0.050054,0.020259,2.470684
1419.840625,0.049955,0.020286,2.462482
1419.841797,0.049818,0.020305,2.453511
1419.842969,0.049911,0.020302,2.458433
1419.844141,0.049994,0.0203,2.462709
1419.845312,0.049907,0.020301,2.458379
1419.846484,0.049918,0.020318,2.456887
1419.847656,0.050026,0.020353,2.457963
1419.848828,0.049879,0.020388,2.446525
1419.85,0.04989,0.020404,2.445136
1419.851172,0.050193,0.020391,2.461543
1419.852344,0.049965,0.020365,2.453425
1419.853516,0.049487,0.020359,2.430756
1419.854687,0.049547,0.020355,2.43415
1419.855859,0.049883,0.02036,2.450059
1419.857031,0.050032,0.02039,2.453711
1419.858203,0.050125,0.020419,2.454849
1419.859375,0.050361,0.020441,2.463677
1419.860547,0.050448,0.020433,2.468926
1419.861719,0.050635,0.020419,2.479765
1419.862891,0.050666,0.020431,2.479821
1419.864063,0.050288,0.020472,2.45641
1419.865234,0.050004,0.020498,2.439398
1419.866406,0.049806,0.020506,2.42881
1419.867578,0.049969,0.020494,2.438238
1419.86875,0.050133,0.020481,2.447788
1419.869922,0.050417,0.020479,2.461894
1419.871094,0.050651,0.020525,2.467736
1419.872266,0.050602,0.020556,2.46168
1419.873437,0.050313,0.020528,2.450921
1419.874609,0.050103,0.020501,2.443885
1419.875781,0.050114,0.020513,2.44306
1419.876953,0.050026,0.020517,2.438213
1419.878125,0.050022,0.020552,2.433906
1419.879297,0.050152,0.020588,2.435991
1419.880469,0.05014,0.020596,2.434513
1419.881641,0.050372,0.020591,2.446312
1419.882812,0.050716,0.020607,2.461061
1419.883984,0.050477,0.020607,2.449537
1419.885156,0.050182,0.020618,2.433942
1419.886328,0.050281,0.020642,2.435909
1419.8875,0.050433,0.020629,2.444755
1419.888672,0.050304,0.020623,2.439275
1419.889844,0.050258,0.02062,2.437377
1419.891016,0.050689,0.020617,2.458604
1419.892187,0.051017,0.02062,2.474208
1419.893359,0.050996,0.020611,2.474252
1419.894531,0.050721,0.020622,2.459564
1419.895703,0.050531,0.020665,2.445206
1419.896875,0.050504,0.020658,2.44474
1419.898047,0.050757,0.020629,2.460481
1419.899219,0.050883,0.020636,2.465704
1419.900391,0.050741,0.02065,2.457237
1419.901562,0.050717,0.020661,2.454679
1419.902734,0.050556,0.020696,2.442775
1419.903906,0.050312,0.020684,2.432403
1419.905078,0.050549,0.020668,2.445805
1419.90625,0.050696,0.020693,2.44986
1419.907422,0.050454,0.020722,2.434826
1419.908594,0.050336,0.020745,2.426378
1419.909766,0.050259,0.020759,2.421059
1419.910938,0.05072,0.020698,2.450406
1419.912109,0.051282,0.020705,2.476753
1419.913281,0.051233,0.020716,2.473131
1419.914453,0.050945,0.020702,2.460808
1419.915625,0.050902,0.020721,2.456558
1419.916797,0.051122,0.020762,2.462223
1419.917969,0.051119,0.020802,2.457392
1419.919141,0.051081,0.020778,2.458409
1419.920312,0.051253,0.020748,2.470215
1419.921484,0.051096,0.020767,2.460512
1419.922656,0.050708,0.020795,2.43848
1419.923828,0.050617,0.020823,2.430792
1419.925,0.050843,0.020822,2.441747
1419.926172,0.05097,0.020807,2.44964
1419.927344,0.050923,0.020784,2.450099
1419.928516,0.050836,0.0208,2.444047
1419.929688,0.050965,0.020816,2.448398
1419.930859,0.051122,0.020792,2.458736
1419.932031,0.051418,0.020793,2.472838
1419.933203,0.051547,0.020821,2.475771
1419.934375,0.051355,0.020808,2.467987
1419.935547,0.051118,0.020795,2.458254
1419.936719,0.050913,0.020809,2.44666
1419.937891,0.050843,0.020811,2.443145
1419.939062,0.050744,0.0208,2.439657
1419.940234,0.050739,0.020834,2.435371
1419.941406,0.050797,0.020857,2.435505
1419.942578,0.0509,0.020831,2.443505
1419.94375,0.051367,0.020801,2.469427
1419.944922,0.051492,0.020786,2.477252
1419.946094,0.051391,0.020804,2.470228
1419.947266,0.051322,0.020839,2.462767
1419.948437,0.051272,0.020848,2.45932
1419.949609,0.051174,0.02086,2.453241
1419.950781,0.051003,0.020881,2.442585
1419.951953,0.051102,0.020904,2.444643
1419.953125,0.051141,0.020885,2.448631
1419.954297,0.051246,0.020864,2.456172
1419.955469,0.051304,0.020891,2.455818
1419.956641,0.05108,0.020877,2.446739
1419.957813,0.051064,0.020872,2.446487
1419.958984,0.051188,0.020892,2.450171
1419.960156,0.051412,0.020896,2.460344
1419.961328,0.051408,0.020912,2.458307
1419.9625,0.051064,0.0209,2.443234
1419.963672,0.050946,0.020885,2.439345
1419.964844,0.050932,0.020884,2.43874
1419.966016,0.051042,0.020875,2.44511
1419.967187,0.051127,0.020897,2.446651
1419.968359,0.05101,0.020937,2.436312
1419.969531,0.050936,0.020929,2.433761
1419.970703,0.051007,0.020885,2.442306
1419.971875,0.051231,0.020837,2.458609
1419.973047,0.051204,0.020845,2.456431
1419.974219,0.051088,0.020882,2.44647
1419.975391,0.050968,0.020886,2.440353
1419.976562,0.050984,0.020888,2.440799
1419.977734,0.051128,0.020884,2.448204
1419.978906,0.051208,0.020899,2.450265
1419.980078,0.051314,0.020891,2.456251
1419.98125,0.051308,0.020871,2.458376
1419.982422,0.051281,0.020896,2.45411
1419.983594,0.051475,0.020878,2.465566
1419.984766,0.051419,0.020845,2.466732
1419.985937,0.051379,0.020855,2.463616
1419.987109,0.051227,0.020861,2.455617
1419.988281,0.050789,0.020879,2.432576
1419.989453,0.050656,0.020909,2.422758
1419.990625,0.050757,0.020894,2.429248
1419.991797,0.050819,0.020864,2.435743
1419.992969,0.051196,0.020856,2.454774
1419.994141,0.051362,0.020874,2.460549
1419.995312,0.051235,0.020857,2.456438
1419.996484,0.05108,0.020869,2.447686
1419.997656,0.050903,0.020866,2.439508
1419.998828,0.050951,0.020914,2.436213
1420,0.051483,0.02101,2.450409
1420.001172,0.05147,0.020942,2.457729
1420.002344,0.051286,0.020847,2.460069
1420.003516,0.051268,0.020794,2.465513
1420.004688,0.051183,0.020776,2.463573
1420.005859,0.051016,0.020778,2.455254
1420.007031,0.050934,0.020791,2.449835
1420.008203,0.051189,0.020789,2.462294
1420.009375,0.051515,0.020808,2.475784
1420.010547,0.05134,0.020838,2.463762
1420.011719,0.051119,0.02082,2.455274
1420.012891,0.051174,0.020765,2.464396
1420.014062,0.050847,0.02077,2.448164
1420.015234,0.050784,0.020801,2.441366
1420.016406,0.051122,0.020804,2.457377
1420.017578,0.051198,0.020761,2.466038
1420.01875,0.051094,0.020723,2.465563
1420.019922,0.051089,0.020726,2.465022
1420.021094,0.050999,0.020768,2.455689
1420.022266,0.0512,0.020757,2.466645
1420.023438,0.051274,0.020765,2.469237
1420.024609,0.051022,0.020797,2.453357
1420.025781,0.050898,0.020767,2.450895
1420.026953,0.050927,0.020743,2.455174
1420.028125,0.050912,0.020749,2.453641
1420.029297,0.050878,0.020765,2.450127
1420.030469,0.050871,0.020777,2.448419
1420.031641,0.050758,0.020752,2.445963
1420.032812,0.050472,0.020741,2.433459
1420.033984,0.050425,0.020726,2.432881
1420.035156,0.050647,0.020727,2.443553
1420.036328,0.050907,0.020727,2.456055
1420.0375,0.051122,0.020706,2.468994
1420.038672,0.051205,0.020651,2.47955
1420.039844,0.051216,0.020631,2.482434
1420.041016,0.050882,0.020648,2.46423
1420.042187,0.050673,0.020679,2.45044
1420.043359,0.050698,0.020662,2.453731
1420.044531,0.050673,0.020629,2.456361
1420.045703,0.0508,0.020622,2.463325
1420.046875,0.050755,0.020631,2.460198
1420.048047,0.050951,0.020649,2.467452
1420.049219,0.050939,0.020662,2.465341
1420.050391,0.050606,0.02066,2.449461
1420.051563,0.050514,0.02065,2.446212
1420.052734,0.050489,0.020646,2.445496
1420.053906,0.050446,0.02067,2.440548
1420.055078,0.050281,0.020657,2.434121
1420.05625,0.050505,0.020632,2.447825
1420.057422,0.05075,0.020615,2.46176
1420.058594,0.050785,0.020553,2.470852
1420.059766,0.050597,0.020526,2.465036
1420.060937,0.050535,0.020511,2.463809
1420.062109,0.050566,0.020501,2.466472
1420.063281,0.050314,0.020502,2.454119
1420.064453,0.050194,0.020513,2.446991
1420.065625,0.050326,0.020525,2.45194
1420.066797,0.050645,0.020521,2.46789
1420.067969,0.050551,0.020492,2.466898
1420.069141,0.050379,0.02049,2.45876
1420.070312,0.050244,0.020507,2.45007
1420.071484,0.050177,0.020533,2.443763
1420.072656,0.050189,0.020531,2.444596
1420.073828,0.050268,0.020518,2.449887
1420.075,0.05026,0.020507,2.450847
1420.076172,0.050197,0.020464,2.452908
1420.077344,0.050229,0.020415,2.460452
1420.078516,0.050146,0.020395,2.45877
1420.079687,0.049838,0.020398,2.443295
1420.080859,0.049783,0.020409,2.439311
1420.082031,0.050082,0.020407,2.454197
1420.083203,0.050263,0.020406,2.463209
1420.084375,0.050354,0.020403,2.468024
1420.085547,0.050191,0.020358,2.46534
1420.086719,0.050081,0.020349,2.461102
1420.087891,0.050201,0.020366,2.464936
1420.089062,0.050061,0.020343,2.460832
1420.090234,0.049962,0.020321,2.458602
1420.091406,0.050136,0.020326,2.4666
1420.092578,0.050218,0.020321,2.471282
1420.09375,0.050132,0.02032,2.467102
1420.094922,0.049829,0.020332,2.450842
1420.096094,0.049875,0.020334,2.45284
1420.097266,0.049915,0.020327,2.455551
1420.098438,0.049758,0.020306,2.450412
1420.099609,0.049757,0.020263,2.45555
1420.100781,0.049638,0.020236,2.452911
1420.101953,0.049539,0.020235,2.448162
1420.103125,0.049539,0.020226,2.449226
1420.104297,0.049686,0.020219,2.45739
1420.105469,0.049512,0.020216,2.449097
1420.106641,0.049328,0.020218,2.439816
1420.107812,0.049496,0.020216,2.448393
1420.108984,0.049697,0.020167,2.464267
1420.110156,0.04948,0.020127,2.458335
1420.111328,0.049166,0.020157,2.439098
1420.1125,0.049217,0.020167,2.440469
1420.113672,0.049309,0.020145,2.447644
1420.114844,0.049171,0.020133,2.442321
1420.116016,0.04929,0.020105,2.451645
1420.117188,0.049566,0.020054,2.471588
1420.118359,0.04963,0.020051,2.475174
1420.119531,0.049224,0.020057,2.454229
1420.120703,0.04891,0.020055,2.438754
1420.121875,0.048938,0.020074,2.437826
1420.123047,0.048965,0.020052,2.441965
1420.124219,0.048905,0.020031,2.441502
1420.125391,0.049128,0.020035,2.452071
1420.126562,0.049396,0.020031,2.465914
1420.127734,0.049107,0.020033,2.451293
1420.128906,0.048896,0.020033,2.440721
1420.130078,0.049081,0.019983,2.456102
1420.13125,0.049106,0.019915,2.46571
1420.132422,0.048954,0.01991,2.458718
1420.133594,0.048816,0.019926,2.449921
1420.134766,0.048907,0.019928,2.454208
1420.135937,0.049017,0.019937,2.458609
1420.137109,0.04906,0.019918,2.463107
1420.138281,0.048886,0.019898,2.456822
1420.139453,0.048728,0.019902,2.448402
1420.140625,0.048904,0.019915,2.455656
1420.141797,0.049031,0.019881,2.466195
1420.142969,0.049217,0.019841,2.480622
1420.144141,0.049242,0.019835,2.482549
1420.145313,0.04906,0.019826,2.474471
1420.146484,0.048954,0.01978,2.474956
1420.147656,0.048705,0.019744,2.466835
1420.148828,0.04868,0.019754,2.464282
1420.15,0.048798,0.019752,2.47058
1420.151172,0.048953,0.019708,2.48387
1420.152344,0.048856,0.019663,2.484594
1420.153516,0.048565,0.019657,2.470641
1420.154687,0.048389,0.01967,2.460036
1420.155859,0.048412,0.019671,2.461071
1420.157031,0.048538,0.019661,2.468725
1420.158203,0.048484,0.019659,2.466205
1420.159375,0.048192,0.019656,2.451706
1420.160547,0.0482,0.01967,2.450477
1420.161719,0.04852,0.01968,2.465451
1420.162891,0.048552,0.019671,2.468182
1420.164062,0.048304,0.019654,2.457725
1420.165234,0.048419,0.019605,2.469747
1420.166406,0.04851,0.019565,2.479396
1420.167578,0.048354,0.019549,2.473434
1420.16875,0.048457,0.019533,2.480761
1420.169922,0.048674,0.01953,2.492244
1420.171094,0.048597,0.019535,2.487758
1420.172266,0.048405,0.019537,2.47756
1420.173437,0.048192,0.019537,2.466684
1420.174609,0.048193,0.019523,2.468554
1420.175781,0.048359,0.019492,2.480935
1420.176953,0.048471,0.019465,2.490089
1420.178125,0.04839,0.019473,2.485023
1420.179297,0.048333,0.01946,2.483773
1420.180469,0.048288,0.019413,2.487394
1420.181641,0.048325,0.019386,2.492809
1420.182812,0.048447,0.01939,2.498621
1420.183984,0.04836,0.019361,2.497759
1420.185156,0.048204,0.019375,2.487978
1420.186328,0.048011,0.019392,2.475882
1420.1875,0.048126,0.019363,2.485467
1420.188672,0.048193,0.019338,2.492171
1420.189844,0.048016,0.019304,2.487414
1420.191016,0.047963,0.019277,2.488169
1420.192188,0.047957,0.019266,2.48917
1420.193359,0.048109,0.019226,2.502244
1420.194531,0.048291,0.01921,2.513873
1420.195703,0.048423,0.019225,2.518809
1420.196875,0.048338,0.019211,2.516225
1420.198047,0.048477,0.019182,2.527199
1420.199219,0.048528,0.019215,2.525576
1420.200391,0.048239,0.019309,2.498308
1420.201562,0.048083,0.019431,2.47458
1420.202734,0.048127,0.019485,2.469931
1420.203906,0.04831,0.019401,2.49012
1420.205078,0.048392,0.019282,2.509734
1420.20625,0.048297,0.019173,2.519019
1420.207422,0.048073,0.01912,2.514323
1420.208594,0.048117,0.019091,2.520366
1420.209766,0.048306,0.019102,2.528876
1420.210938,0.048137,0.019108,2.51916
1420.212109,0.047988,0.019073,2.516057
1420.213281,0.048014,0.019064,2.518561
1420.214453,0.04816,0.019049,2.528185
1420.215625,0.048385,0.019004,2.546074
1420.216797,0.048253,0.019022,2.536708
1420.217969,0.048043,0.019044,2.52277
1420.219141,0.047949,0.019009,2.522457
1420.220312,0.047934,0.018985,2.524862
1420.221484,0.047883,0.018982,2.522583
1420.222656,0.047893,0.018968,2.524897
1420.223828,0.04785,0.018941,2.526224
1420.225,0.047607,0.018925,2.515548
1420.226172,0.047678,0.018929,2.518732
1420.227344,0.047736,0.018911,2.52419
1420.228516,0.047589,0.018868,2.522269
1420.229687,0.047622,0.018876,2.522943
1420.230859,0.04767,0.018881,2.524739
1420.232031,0.047496,0.018855,2.518982
1420.233203,0.047416,0.018818,2.519721
1420.234375,0.047201,0.018776,2.513897
1420.235547,0.04735,0.018777,2.521738
1420.236719,0.047651,0.018808,2.533594
1420.237891,0.047634,0.018795,2.53434
1420.239063,0.047441,0.018782,2.525856
1420.240234,0.047445,0.018776,2.526918
1420.241406,0.047324,0.018754,2.523366
1420.242578,0.047104,0.018729,2.514979
1420.24375,0.04719,0.0187,2.523442
1420.244922,0.047333,0.018671,2.535119
1420.246094,0.047255,0.018659,2.532514
1420.247266,0.04715,0.018653,2.527715
1420.248437,0.047028,0.018668,2.519121
1420.249609,0.047148,0.018672,2.525023
1420.250781,0.047226,0.018653,2.531908
1420.251953,0.047296,0.018633,2.538276
1420.253125,0.047171,0.01861,2.534662
1420.254297,0.04679,0.018616,2.513401
1420.255469,0.04673,0.018628,2.50865
1420.256641,0.04678,0.018617,2.512715
1420.257812,0.046731,0.018575,2.515839
1420.258984,0.046696,0.018555,2.516657
1420.260156,0.046609,0.018542,2.513665
1420.261328,0.046439,0.018491,2.511472
1420.2625,0.046373,0.018496,2.507189
1420.263672,0.046333,0.018507,2.503539
1420.264844,0.046399,0.018499,2.508142
1420.266016,0.046444,0.018502,2.510206
1420.267187,0.046622,0.018478,2.523089
1420.268359,0.04676,0.018488,2.529273
1420.269531,0.046615,0.018486,2.521652
1420.270703,0.04664,0.018456,2.52705
1420.271875,0.046613,0.018459,2.525201
1420.273047,0.046672,0.018455,2.52895
1420.274219,0.046563,0.018386,2.532541
1420.275391,0.046292,0.018385,2.517975
1420.276562,0.046143,0.018432,2.503372
1420.277734,0.045835,0.018442,2.485373
1420.278906,0.046001,0.018396,2.500573
1420.280078,0.04628,0.018354,2.521472
1420.28125,0.04637,0.018374,2.523732
1420.282422,0.046427,0.018415,2.521121
1420.283594,0.046259,0.01837,2.518092
1420.284766,0.04609,0.018305,2.51791
1420.285938,0.046197,0.01827,2.528648
1420.287109,0.046087,0.018255,2.52463
1420.288281,0.046018,0.018283,2.516949
1420.289453,0.045891,0.018293,2.508643
1420.290625,0.045832,0.018274,2.508127
1420.291797,0.045743,0.018278,2.502556
1420.292969,0.045673,0.018287,2.497596
1420.294141,0.045774,0.018277,2.504456
1420.295312,0.046003,0.018235,2.522845
1420.296484,0.046158,0.018211,2.534684
1420.297656,0.046153,0.018222,2.532864
1420.298828,0.045852,0.018215,2.517292
1420.3,0.045611,0.018164,2.511026
1420.301172,0.045557,0.018121,2.514055
1420.302344,0.045708,0.018114,2.523361
1420.303516,0.045685,0.018154,2.516484
1420.304688,0.045609,0.018158,2.511748
1420.305859,0.045637,0.018154,2.513924
1420.307031,0.045736,0.018133,2.522198
1420.308203,0.045817,0.01808,2.534136
1420.309375,0.045855,0.01807,2.537697
1420.310547,0.045739,0.01807,2.531172
1420.311719,0.045599,0.018065,2.52419
1420.312891,0.045475,0.018032,2.521877
1420.314062,0.045179,0.018036,2.504911
1420.315234,0.045122,0.018057,2.498838
1420.316406,0.045197,0.01805,2.504033
1420.317578,0.045454,0.018014,2.523297
1420.31875,0.045565,0.018002,2.531059
1420.319922,0.045416,0.018009,2.521933
1420.321094,0.045349,0.017994,2.520217
1420.322266,0.045265,0.017999,2.514895
1420.323437,0.045282,0.018026,2.512047
1420.324609,0.04517,0.01799,2.51082
1420.325781,0.045093,0.017957,2.511124
1420.326953,0.045141,0.017943,2.51585
1420.328125,0.045119,0.017906,2.519807
1420.329297,0.045023,0.017887,2.517003
1420.330469,0.04516,0.017875,2.526435
1420.331641,0.045103,0.017909,2.518426
1420.332813,0.044801,0.017962,2.494206
1420.333984,0.044547,0.017959,2.480524
1420.335156,0.04456,0.017944,2.483227
1420.336328,0.044565,0.017934,2.48498
1420.3375,0.0445,0.017909,2.484802
1420.338672,0.04459,0.017884,2.493359
1420.339844,0.044542,0.017856,2.494487
1420.341016,0.044218,0.017874,2.473871
1420.342187,0.04417,0.017893,2.468599
1420.343359,0.044232,0.017856,2.477073
1420.344531,0.044374,0.01785,2.485896
1420.345703,0.044487,0.017867,2.489915
1420.346875,0.044292,0.017857,2.480396
1420.348047,0.044223,0.017868,2.475029
1420.349219,0.04417,0.017871,2.471568
1420.350391,0.044219,0.017843,2.478189
1420.351562,0.044503,0.017791,2.501345
1420.352734,0.044509,0.017777,2.503721
1420.353906,0.044068,0.017808,2.47469
1420.355078,0.043838,0.017838,2.457558
1420.35625,0.043894,0.017831,2.46167
1420.357422,0.043759,0.017829,2.454364
1420.358594,0.043726,0.017798,2.45685
1420.359766,0.043949,0.017776,2.472388
1420.360937,0.044023,0.01778,2.47598
1420.362109,0.043998,0.017779,2.474681
1420.363281,0.044024,0.017766,2.477969
1420.364453,0.044014,0.017754,2.47901
1420.365625,0.044073,0.017773,2.479825
1420.366797,0.044063,0.017785,2.477585
1420.367969,0.044077,0.017789,2.477677
1420.369141,0.044038,0.017788,2.475782
1420.370312,0.044061,0.017757,2.481381
1420.371484,0.044112,0.017761,2.48364
1420.372656,0.044061,0.017757,2.481375
1420.373828,0.044001,0.017737,2.480673
1420.375,0.044025,0.017722,2.484252
1420.376172,0.044035,0.017704,2.487249
1420.377344,0.043875,0.017725,2.47529
1420.378516,0.043822,0.017774,2.465565
1420.379688,0.043698,0.017758,2.460717
1420.380859,0.043683,0.017711,2.466422
1420.382031,0.043585,0.017704,2.461843
1420.383203,0.0434,0.017704,2.451463
1420.384375,0.043364,0.01769,2.451393
1420.385547,0.043445,0.017691,2.45583
1420.386719,0.043391,0.017716,2.449299
1420.387891,0.043322,0.017701,2.447351
1420.389062,0.043396,0.017683,2.454051
1420.390234,0.043629,0.01769,2.466336
1420.391406,0.043775,0.0177,2.473142
1420.392578,0.043748,0.017692,2.472692
1420.39375,0.043644,0.017666,2.470504
1420.394922,0.043563,0.017641,2.469396
1420.396094,0.043454,0.017641,2.463298
1420.397266,0.043365,0.017635,2.459068
1420.398438,0.043539,0.017651,2.466574
1420.399609,0.043613,0.017689,2.465612
1420.400781,0.043604,0.0177,2.463467
1420.401953,0.043561,0.017678,2.464152
1420.403125,0.04347,0.017674,2.459594
1420.404297,0.04329,0.017679,2.448653
1420.405469,0.043465,0.017639,2.464087
1420.406641,0.043612,0.017649,2.471072
1420.407812,0.043276,0.017668,2.449468
1420.408984,0.043092,0.017653,2.441049
1420.410156,0.043304,0.017659,2.452181
1420.411328,0.043309,0.017672,2.450702
1420.4125,0.04336,0.017675,2.453184
1420.413672,0.043484,0.017704,2.456202
1420.414844,0.043505,0.017704,2.457343
1420.416016,0.043562,0.017688,2.462761
1420.417187,0.043299,0.017686,2.448181
1420.418359,0.043062,0.0177,2.432938
1420.419531,0.043162,0.017686,2.440441
1420.420703,0.043483,0.01767,2.460924
1420.421875,0.043602,0.017671,2.46745
1420.423047,0.043586,0.017661,2.467933
1420.424219,0.043427,0.017677,2.456735
1420.425391,0.043366,0.017698,2.450391
1420.426563,0.04344,0.017694,2.455145
1420.427734,0.043183,0.017669,2.443968
1420.428906,0.043276,0.01767,2.449193
1420.430078,0.04343,0.017675,2.457148
1420.43125,0.043401,0.017661,2.457491
1420.432422,0.043397,0.017662,2.457026
1420.433594,0.043572,0.017667,2.466324
1420.434766,0.043502,0.017698,2.457982
1420.435937,0.043379,0.017731,2.446526
1420.437109,0.043475,0.017742,2.450462
1420.438281,0.043323,0.01773,2.44349
1420.439453,0.043235,0.017708,2.441626
1420.440625,0.043394,0.01769,2.453012
1420.441797,0.043463,0.017679,2.458381
1420.442969,0.043357,0.017686,2.451572
1420.444141,0.043307,0.017726,2.443137
1420.445312,0.043292,0.017745,2.439698
1420.446484,0.043389,0.017723,2.448242
1420.447656,0.043458,0.017721,2.45241
1420.448828,0.043566,0.017728,2.45745
1420.45,0.043733,0.017737,2.465725
1420.451172,0.043778,0.017727,2.469514
1420.452344,0.043562,0.017737,2.455973
1420.453516,0.043235,0.01777,2.433052
1420.454687,0.043455,0.017747,2.44852
1420.455859,0.043431,0.017713,2.451889
1420.457031,0.043477,0.017735,2.451486
1420.458203,0.043548,0.017777,2.449659
1420.459375,0.043603,0.017801,2.449479
1420.460547,0.043448,0.017774,2.444426
1420.461719,0.043168,0.017751,2.431856
1420.462891,0.043295,0.017779,2.435253
1420.464062,0.043462,0.017796,2.442227
1420.465234,0.043451,0.017796,2.441596
1420.466406,0.043594,0.017813,2.447346
1420.467578,0.043583,0.017796,2.449045
1420.46875,0.043375,0.017791,2.438053
1420.469922,0.043539,0.017817,2.443655
1420.471094,0.043635,0.017806,2.450487
1420.472266,0.043342,0.017802,2.434625
1420.473438,0.043486,0.017803,2.442672
1420.474609,0.044095,0.017804,2.476715
1420.475781,0.044034,0.017821,2.470964
1420.476953,0.04367,0.017838,2.448081
1420.478125,0.043704,0.017861,2.446859
1420.479297,0.043782,0.017897,2.446376
1420.480469,0.043878,0.017878,2.45435
1420.481641,0.043711,0.017871,2.445974
1420.482812,0.043467,0.017886,2.430181
1420.483984,0.043391,0.017878,2.427049
1420.485156,0.043491,0.017869,2.433812
1420.486328,0.04375,0.017885,2.446146
1420.4875,0.043972,0.017925,2.453085
1420.488672,0.043853,0.017955,2.442387
1420.489844,0.043626,0.017954,2.429945
1420.491016,0.043672,0.017942,2.434092
1420.492188,0.043866,0.01795,2.44381
1420.493359,0.04402,0.017957,2.451375
1420.494531,0.044169,0.01798,2.456573
1420.495703,0.044131,0.018015,2.449722
1420.496875,0.043993,0.018052,2.437036
1420.498047,0.043853,0.018058,2.428397
1420.499219,0.043784,0.01802,2.429799
1420.500391,0.044021,0.018007,2.444673
1420.501562,0.044187,0.018053,2.447673
1420.502734,0.044184,0.018097,2.441499
1420.503906,0.044102,0.018075,2.439975
1420.505078,0.044173,0.018045,2.44792
1420.50625,0.044142,0.018035,2.447582
1420.507422,0.043901,0.018049,2.432364
1420.508594,0.04381,0.018078,2.423433
1420.509766,0.044006,0.018098,2.43156
1420.510937,0.044167,0.018092,2.441231
1420.512109,0.044065,0.01809,2.435882
1420.513281,0.044184,0.018117,2.438804
1420.514453,0.044301,0.018164,2.438909
1420.515625,0.044159,0.018178,2.429297
1420.516797,0.043991,0.018169,2.421202
1420.517969,0.044149,0.018176,2.429055
1420.519141,0.044253,0.018149,2.438311
1420.520313,0.044356,0.018161,2.442374
1420.521484,0.044247,0.018198,2.431377
1420.522656,0.044226,0.018208,2.428933
1420.523828,0.044423,0.018195,2.441485
1420.525,0.044411,0.018214,2.438338
1420.526172,0.044365,0.018216,2.435505
1420.527344,0.044228,0.018208,2.428973
1420.528516,0.044287,0.018223,2.430244
1420.529687,0.044274,0.018256,2.425209
1420.530859,0.044275,0.018273,2.422932
1420.532031,0.044418,0.018241,2.435036
1420.533203,0.044671,0.018238,2.449319
1420.534375,0.044891,0.018262,2.458203
1420.535547,0.044771,0.018296,2.447097
1420.536719,0.044454,0.018308,2.42807
1420.537891,0.044287,0.018299,2.420225
1420.539062,0.044408,0.018314,2.424808
1420.540234,0.044553,0.018329,2.430822
1420.541406,0.044724,0.018343,2.438205
1420.542578,0.044585,0.018385,2.425135
1420.54375,0.044392,0.018398,2.412832
1420.544922,0.044591,0.018379,2.426188
1420.546094,0.044774,0.018357,2.439027
1420.547266,0.044721,0.018352,2.436823
1420.548437,0.044474,0.01838,2.419652
1420.549609,0.044631,0.018382,2.427896
1420.550781,0.044981,0.018403,2.444144
1420.551953,0.045182,0.018425,2.452191
1420.553125,0.044939,0.018423,2.439263
1420.554297,0.044821,0.018414,2.434031
1420.555469,0.044886,0.018431,2.435349
1420.556641,0.045012,0.018464,2.437911
1420.557812,0.045102,0.01847,2.441889
1420.558984,0.044959,0.018478,2.433102
1420.560156,0.044902,0.018478,2.430077
1420.561328,0.045034,0.018467,2.438614
1420.5625,0.045133,0.0185,2.439596
1420.563672,0.045132,0.018514,2.437652
1420.564844,0.045301,0.018508,2.447611
1420.566016,0.045108,0.018528,2.434541
1420.567188,0.044679,0.018569,2.406168
1420.568359,0.044657,0.01857,2.404792
1420.569531,0.045003,0.01858,2.422179
1420.570703,0.045054,0.01861,2.420954
1420.571875,0.044961,0.018633,2.413041
1420.573047,0.045323,0.018628,2.433045
1420.574219,0.045544,0.018593,2.449551
1420.575391,0.045556,0.018581,2.451695
1420.576562,0.04564,0.018602,2.453486
1420.577734,0.045607,0.018651,2.445247
1420.578906,0.045608,0.018667,2.443189
1420.580078,0.045682,0.018642,2.450443
1420.58125,0.045612,0.018654,2.445189
1420.582422,0.045761,0.018656,2.452865
1420.583594,0.045946,0.018637,2.465264
1420.584766,0.045957,0.018683,2.459762
1420.585938,0.046016,0.018738,2.455795
1420.587109,0.046216,0.01875,2.464828
1420.588281,0.046332,0.018767,2.468824
1420.589453,0.046286,0.018751,2.468457
1420.590625,0.046067,0.018735,2.458939
1420.591797,0.045793,0.018745,2.442976
1420.592969,0.045796,0.01873,2.445021
1420.594141,0.045876,0.01874,2.448062
1420.595312,0.04581,0.018756,2.442404
1420.596484,0.046028,0.018792,2.449353
1420.597656,0.046198,0.018782,2.459691
1420.598828,0.045982,0.018801,2.445682
1420.6,0.045944,0.018838,2.438915
1420.601172,0.045972,0.018877,2.435302
1420.602344,0.045654,0.018886,2.417297
1420.603516,0.045589,0.018856,2.417755
1420.604687,0.045735,0.01884,2.427543
1420.605859,0.045967,0.018869,2.436064
1420.607031,0.046113,0.018882,2.442242
1420.608203,0.046188,0.018876,2.446921
1420.609375,0.04625,0.0189,2.447093
1420.610547,0.046244,0.018934,2.442347
1420.611719,0.046203,0.018939,2.439593
1420.612891,0.046115,0.018928,2.436347
1420.614063,0.046134,0.018951,2.434345
1420.615234,0.046254,0.018991,2.435563
1420.616406,0.046396,0.018991,2.44308
1420.617578,0.046413,0.018968,2.44695
1420.61875,0.046297,0.01898,2.439245
1420.619922,0.046374,0.019033,2.436561
1420.621094,0.046389,0.019037,2.436838
1420.622266,0.046176,0.019036,2.425746
1420.623437,0.04618,0.019073,2.421203
1420.624609,0.046462,0.019097,2.432937
1420.625781,0.046541,0.019091,2.437829
1420.626953,0.046525,0.019082,2.438164
1420.628125,0.046467,0.019068,2.436847
1420.629297,0.046481,0.019084,2.435669
1420.630469,0.046473,0.019087,2.434773
1420.631641,0.046411,0.019092,2.430883
1420.632812,0.046443,0.019114,2.42976
1420.633984,0.04659,0.019095,2.439863
1420.635156,0.0465,0.019102,2.434242
1420.636328,0.046472,0.019178,2.423255
1420.6375,0.04645,0.019167,2.423384
1420.638672,0.046549,0.019144,2.431592
1420.639844,0.046671,0.019167,2.434993
1420.641016,0.046859,0.019183,2.442773
1420.642187,0.047017,0.019209,2.447727
1420.643359,0.047029,0.019245,2.443699
1420.644531,0.046931,0.019259,2.43685
1420.645703,0.046787,0.019247,2.430856
1420.646875,0.046736,0.019256,2.427137
1420.648047,0.046683,0.019275,2.421864
1420.649219,0.046791,0.019276,2.427392
1420.650391,0.047104,0.019258,2.445929
1420.651562,0.047252,0.019262,2.453151
1420.652734,0.047087,0.019269,2.443645
1420.653906,0.046873,0.019272,2.432194
1420.655078,0.046829,0.019283,2.428473
1420.65625,0.046864,0.019297,2.428575
1420.657422,0.047167,0.019295,2.444499
1420.658594,0.047316,0.019325,2.448478
1420.659766,0.047047,0.01934,2.432616
1420.660938,0.047022,0.019352,2.429894
1420.662109,0.047306,0.019357,2.443885
1420.663281,0.047437,0.019357,2.450693
1420.664453,0.047413,0.019382,2.446223
1420.665625,0.047485,0.019365,2.452046
1420.666797,0.047152,0.019339,2.438209
1420.667969,0.046978,0.019385,2.423427
1420.669141,0.047148,0.019385,2.432245
1420.670312,0.047174,0.019341,2.439032
1420.671484,0.046946,0.019334,2.428138
1420.672656,0.047084,0.01938,2.429555
1420.673828,0.047356,0.019413,2.439396
1420.675,0.04729,0.019447,2.43178
1420.676172,0.0472,0.019453,2.426338
1420.677344,0.047072,0.019425,2.423215
1420.678516,0.047164,0.019421,2.428537
1420.679688,0.047416,0.019426,2.440895
1420.680859,0.047438,0.019411,2.443926
1420.682031,0.047364,0.019429,2.437776
1420.683203,0.047465,0.019465,2.438486
1420.684375,0.047448,0.019483,2.435411
1420.685547,0.047478,0.019511,2.433367
1420.686719,0.047401,0.01953,2.427022
1420.687891,0.047218,0.019565,2.413428
1420.689062,0.047294,0.019572,2.416425
1420.690234,0.047394,0.019542,2.425242
1420.691406,0.047639,0.019502,2.442759
1420.692578,0.047967,0.019464,2.464323
1420.69375,0.047851,0.019471,2.457536
1420.694922,0.047331,0.019498,2.427423
1420.696094,0.047162,0.019538,2.413905
1420.697266,0.047331,0.019546,2.42149
1420.698437,0.047467,0.019536,2.42972
1420.699609,0.047595,0.019538,2.436057
1420.700781,0.047612,0.019545,2.435995
1420.701953,0.04766,0.019543,2.438685
1420.703125,0.04775,0.019549,2.442637
1420.704297,0.047818,0.019539,2.447322
1420.705469,0.047742,0.019511,2.446911
1420.706641,0.047635,0.019548,2.436811
1420.707813,0.047776,0.019574,2.440791
1420.708984,0.04783,0.019565,2.444725
1420.710156,0.047606,0.019568,2.43288
1420.711328,0.047691,0.019543,2.440345
1420.7125,0.047916,0.019532,2.453223
1420.713672,0.047885,0.019547,2.449717
1420.714844,0.047638,0.019583,2.43259
1420.716016,0.047528,0.01961,2.423729
1420.717187,0.047709,0.019613,2.432449
1420.718359,0.047774,0.019599,2.437632
1420.719531,0.047655,0.019596,2.431818
1420.720703,0.047537,0.019588,2.426815
1420.721875,0.047606,0.019553,2.434744
1420.723047,0.047744,0.019545,2.442808
1420.724219,0.047622,0.019561,2.434549
1420.725391,0.047438,0.019555,2.425874
1420.726562,0.047837,0.019563,2.445261
1420.727734,0.047986,0.019608,2.447287
1420.728906,0.048001,0.019609,2.44793
1420.730078,0.047912,0.019595,2.445104
1420.73125,0.04776,0.01958,2.439214
1420.732422,0.047758,0.019574,2.43979
1420.733594,0.047686,0.019571,2.43658
1420.734766,0.047796,0.019554,2.444229
1420.735937,0.047875,0.019583,2.444722
1420.737109,0.047697,0.0196,2.433558
1420.738281,0.047547,0.019585,2.427706
1420.739453,0.047652,0.01958,2.433725
1420.740625,0.047895,0.019578,2.446316
1420.741797,0.048084,0.019613,2.451672
1420.742969,0.047777,0.019619,2.435264
1420.744141,0.04735,0.019596,2.416243
1420.745312,0.047351,0.01957,2.419539
1420.746484,0.047566,0.019559,2.431926
1420.747656,0.047525,0.019546,2.43138
1420.748828,0.047302,0.019567,2.417409
1420.75,0.047318,0.019564,2.418579
1420.751172,0.047748,0.019539,2.443677
1420.752344,0.047775,0.019564,2.441922
1420.753516,0.047367,0.01957,2.420345
1420.754688,0.047322,0.019558,2.419618
1420.755859,0.047503,0.019533,2.431962
1420.757031,0.04736,0.019521,2.426113
1420.758203,0.047353,0.019518,2.426169
1420.759375,0.047661,0.019486,2.445908
1420.760547,0.047865,0.019493,2.455472
1420.761719,0.04752,0.019513,2.435239
1420.762891,0.047333,0.019486,2.428997
1420.764062,0.04738,0.0195,2.429726
1420.765234,0.047331,0.019549,2.421098
1420.766406,0.04727,0.019523,2.421282
1420.767578,0.047207,0.019519,2.418574
1420.76875,0.047156,0.019512,2.416791
1420.769922,0.047381,0.019486,2.431484
1420.771094,0.047659,0.019453,2.449955
1420.772266,0.047584,0.019426,2.449532
1420.773438,0.047427,0.019395,2.445264
1420.774609,0.047393,0.019389,2.444288
1420.775781,0.047373,0.019383,2.444089
1420.776953,0.047257,0.01939,2.437118
1420.778125,0.047222,0.019398,2.434403
1420.779297,0.047209,0.019382,2.435735
1420.780469,0.046974,0.01939,2.422543
1420.781641,0.046785,0.019383,2.413669
1420.782812,0.046825,0.019384,2.415633
1420.783984,0.047073,0.019371,2.430027
1420.785156,0.046872,0.019339,2.423702
1420.786328,0.04637,0.019273,2.405943
1420.7875,0.046364,0.01926,2.407233
1420.788672,0.046711,0.019273,2.423647
1420.789844,0.046809,0.019309,2.424247
1420.791016,0.046691,0.01935,2.412936
1420.792187,0.046756,0.019324,2.419568
1420.793359,0.046987,0.019274,2.43785
1420.794531,0.047063,0.019258,2.443759
1420.795703,0.046762,0.019252,2.428992
1420.796875,0.046561,0.019218,2.422769
1420.798047,0.04669,0.019232,2.427692
1420.799219,0.047107,0.019618,2.401246
1420.800391,0.047674,0.020121,2.369417
1420.801563,0.047136,0.019629,2.401402
1420.802734,0.046757,0.019214,2.433572
1420.803906,0.046335,0.019142,2.420531
1420.805078,0.046078,0.019103,2.412089
1420.80625,0.046279,0.019101,2.422828
1420.807422,0.046452,0.019095,2.432664
1420.808594,0.046485,0.019048,2.440428
1420.809766,0.046417,0.019025,2.439813
1420.810937,0.046553,0.019036,2.445547
1420.812109,0.046403,0.019038,2.437402
1420.813281,0.045967,0.019045,2.413671
1420.814453,0.045947,0.019037,2.413561
1420.815625,0.046144,0.019026,2.425375
1420.816797,0.046177,0.019008,2.429327
1420.817969,0.046118,0.018982,2.42961
1420.819141,0.046046,0.01893,2.432446
1420.820312,0.046037,0.018889,2.437231
1420.821484,0.045908,0.018886,2.430756
1420.822656,0.04562,0.018901,2.413607
1420.823828,0.045603,0.018871,2.416518
1420.825,0.045721,0.018833,2.427711
1420.826172,0.04566,0.018802,2.428422
1420.827344,0.045731,0.018777,2.435474
1420.828516,0.045741,0.018769,2.437018
1420.829687,0.045569,0.01876,2.429115
1420.830859,0.045403,0.018724,2.424866
1420.832031,0.045556,0.018712,2.43459
1420.833203,0.045453,0.018718,2.428247
1420.834375,0.045419,0.018708,2.427817
1420.835547,0.045225,0.018683,2.420679
1420.836719,0.045006,0.018641,2.41429
1420.837891,0.045142,0.018612,2.425452
1420.839062,0.045116,0.018602,2.425317
1420.840234,0.044987,0.018581,2.421119
1420.841406,0.044921,0.01854,2.422907
1420.842578,0.045058,0.018488,2.437226
1420.84375,0.045191,0.01845,2.449346
1420.844922,0.044728,0.018425,2.427621
1420.846094,0.044581,0.018435,2.418275
1420.847266,0.044643,0.018447,2.42008
1420.848438,0.044539,0.018406,2.419742
1420.849609,0.044504,0.018376,2.421827
1420.850781,0.044614,0.018337,2.433028
1420.851953,0.044499,0.018328,2.427909
1420.853125,0.044223,0.01832,2.413918
1420.854297,0.043945,0.018281,2.403802
1420.855469,0.043897,0.018259,2.404084
1420.856641,0.04396,0.018269,2.406319
1420.857812,0.043817,0.018227,2.403987
1420.858984,0.04382,0.01816,2.413024
1420.860156,0.043853,0.018141,2.417314
1420.861328,0.043824,0.018154,2.41396
1420.8625,0.043768,0.018119,2.415543
1420.863672,0.043666,0.018057,2.418205
1420.864844,0.043339,0.018027,2.404163
1420.866016,0.043282,0.018032,2.400298
1420.867188,0.043658,0.017993,2.426418
1420.868359,0.043526,0.017907,2.430618
1420.869531,0.043307,0.017871,2.423266
1420.870703,0.043186,0.017855,2.418688
1420.871875,0.043003,0.01784,2.410515
1420.873047,0.042885,0.017834,2.404698
1420.874219,0.043051,0.017813,2.416826
1420.875391,0.042937,0.017754,2.41837
1420.876562,0.042827,0.01772,2.416801
1420.877734,0.042853,0.017747,2.41465
1420.878906,0.042655,0.01774,2.40445
1420.880078,0.042654,0.017699,2.409915
1420.88125,0.042895,0.017664,2.428383
1420.882422,0.042754,0.017622,2.426215
1420.883594,0.042466,0.017571,2.416868
1420.884766,0.042355,0.017539,2.414962
1420.885937,0.042408,0.017512,2.421631
1420.887109,0.042194,0.01747,2.415255
1420.888281,0.042226,0.017456,2.419041
1420.889453,0.042479,0.017421,2.438336
1420.890625,0.04232,0.017374,2.435838
1420.891797,0.041992,0.017338,2.421926
1420.892969,0.041921,0.01732,2.42042
1420.894141,0.042087,0.017308,2.431582
1420.895313,0.04198,0.017288,2.428304
1420.896484,0.041746,0.017257,2.419167
1420.897656,0.041442,0.017206,2.408589
1420.898828,0.041369,0.017191,2.406508
1420.9,0.041342,0.017166,2.408332
1420.901172,0.041071,0.017109,2.400486
1420.902344,0.040947,0.017082,2.397103
1420.903516,0.041051,0.017052,2.407382
1420.904687,0.041108,0.016989,2.419697
1420.905859,0.040905,0.016925,2.416889
1420.907031,0.040711,0.01687,2.413147
1420.908203,0.040687,0.016855,2.41391
1420.909375,0.040633,0.016843,2.412476
1420.910547,0.04042,0.01682,2.403044
1420.911719,0.040358,0.01678,2.405093
1420.912891,0.040258,0.016721,2.407708
1420.914062,0.039954,0.016682,2.39508
1420.915234,0.039862,0.016651,2.393885
1420.916406,0.040189,0.016624,2.41749
1420.917578,0.040344,0.016595,2.431085
1420.91875,0.039948,0.016574,2.410306
1420.919922,0.039596,0.01652,2.396869
1420.921094,0.039462,0.016469,2.396189
1420.922266,0.039473,0.01644,2.401118
1420.923437,0.039528,0.016387,2.412251
1420.924609,0.039407,0.016338,2.412008
1420.925781,0.03933,0.016331,2.408328
1420.926953,0.039404,0.016304,2.41681
1420.928125,0.039139,0.016271,2.405457
1420.929297,0.038837,0.016222,2.394014
1420.930469,0.038946,0.016145,2.412324
1420.931641,0.038812,0.016095,2.411382
1420.932812,0.038313,0.016067,2.384606
1420.933984,0.038255,0.016028,2.386796
1420.935156,0.038316,0.015995,2.395517
1420.936328,0.03833,0.015966,2.400723
1420.9375,0.038264,0.015925,2.402739
1420.938672,0.038155,0.015874,2.403585
1420.939844,0.037962,0.015838,2.396939
1420.941016,0.037797,0.015803,2.391795
1420.942188,0.037759,0.01575,2.397432
1420.943359,0.037911,0.015692,2.41592
1420.944531,0.038002,0.015669,2.425298
1420.945703,0.037807,0.015631,2.418806
1420.946875,0.037391,0.015587,2.398823
1420.948047,0.037167,0.01555,2.390219
1420.949219,0.037145,0.015515,2.394177
1420.950391,0.036949,0.015469,2.388612
1420.951562,0.03687,0.015425,2.390313
1420.952734,0.036856,0.015411,2.391515
1420.953906,0.036812,0.015387,2.392363
1420.955078,0.036958,0.015331,2.410641
1420.95625,0.036848,0.015277,2.412052
1420.957422,0.036354,0.015247,2.384321
1420.958594,0.036259,0.015204,2.384819
1420.959766,0.036386,0.01515,2.40166
1420.960938,0.036276,0.01511,2.400816
1420.962109,0.036071,0.015056,2.395767
1420.963281,0.036049,0.014998,2.403586
1420.964453,0.036054,0.014964,2.409442
1420.965625,0.036052,0.014943,2.412641
1420.966797,0.035736,0.014912,2.396452
1420.967969,0.035422,0.014891,2.378734
1420.969141,0.035268,0.014855,2.374187
1420.970312,0.035247,0.014778,2.385077
1420.971484,0.035457,0.014673,2.41645
1420.972656,0.035394,0.014614,2.421914
1420.973828,0.034969,0.014611,2.393236
1420.975,0.034724,0.014597,2.378818
1420.976172,0.034753,0.014573,2.384791
1420.977344,0.03463,0.014528,2.383643
1420.978516,0.034421,0.014466,2.379363
1420.979687,0.034562,0.014421,2.396578
1420.980859,0.034478,0.014394,2.395229
1420.982031,0.034217,0.014365,2.381943
1420.983203,0.034042,0.01431,2.378876
1420.984375,0.034066,0.014258,2.38933
1420.985547,0.034071,0.014195,2.400223
1420.986719,0.033728,0.014162,2.381681
1420.987891,0.033519,0.014147,2.369394
1420.989063,0.033526,0.014081,2.380892
1420.990234,0.033341,0.014026,2.377056
1420.991406,0.033074,0.013994,2.363448
1420.992578,0.032999,0.013939,2.367403
1420.99375,0.032995,0.013875,2.378017
1420.994922,0.032773,0.01384,2.368009
1420.996094,0.032605,0.01382,2.359223
1420.997266,0.032754,0.013773,2.378085
1420.998437,0.03277,0.013708,2.39066
1420.999609,0.032388,0.013673,2.368657
1421.000781,0.032103,0.013641,2.353484
1421.001953,0.032087,0.013579,2.363075
1421.003125,0.032134,0.01352,2.376735
1421.004297,0.03193,0.013483,2.368121
1421.005469,0.031702,0.013429,2.360791
1421.006641,0.031612,0.013375,2.363574
1421.007812,0.031519,0.013334,2.363861
1421.008984,0.031541,0.013277,2.375667
1421.010156,0.031482,0.013247,2.376473
1421.011328,0.031369,0.01321,2.374664
1421.0125,0.031309,0.013152,2.38046
1421.013672,0.031139,0.013104,2.3762
1421.014844,0.030882,0.013083,2.360425
1421.016016,0.030798,0.01305,2.360032
1421.017187,0.030692,0.01299,2.362613
1421.018359,0.03064,0.012953,2.365489
1421.019531,0.030512,0.012909,2.363621
1421.020703,0.030276,0.012849,2.356294
1421.021875,0.03029,0.012799,2.366557
1421.023047,0.030294,0.012775,2.371281
1421.024219,0.030102,0.012736,2.363557
1421.025391,0.029991,0.012683,2.364738
1421.026562,0.029978,0.012643,2.371048
1421.027734,0.029882,0.012603,2.371001
1421.028906,0.029649,0.01256,2.360482
1421.030078,0.02943,0.012494,2.355531
1421.03125,0.029399,0.012441,2.363136
1421.032422,0.029321,0.012405,2.363588
1421.033594,0.02919,0.012352,2.363282
1421.034766,0.029197,0.01232,2.369908
1421.035938,0.029178,0.012279,2.376173
1421.037109,0.029016,0.012239,2.370666
1421.038281,0.028867,0.012202,2.365696
1421.039453,0.028775,0.012154,2.367634
1421.040625,0.028681,0.012111,2.368098
1421.041797,0.028679,0.012072,2.375611
1421.042969,0.028437,0.012035,2.362804
1421.044141,0.028159,0.012,2.346502
1421.045312,0.028042,0.011951,2.346317
1421.046484,0.028063,0.011916,2.355154
1421.047656,0.028014,0.011888,2.356429
1421.048828,0.027913,0.011847,2.356078
1421.05,0.027937,0.01179,2.369557
1421.051172,0.027921,0.011744,2.377476
1421.052344,0.027692,0.01171,2.36491
1421.053516,0.027463,0.011674,2.352483
1421.054688,0.027349,0.011617,2.354178
1421.055859,0.027232,0.011571,2.35356
1421.057031,0.027102,0.011531,2.350289
1421.058203,0.027105,0.011489,2.359183
1421.059375,0.027083,0.01145,2.365427
1421.060547,0.026967,0.011411,2.363268
1421.061719,0.026914,0.011364,2.368384
1421.062891,0.026928,0.011325,2.377696
1421.064062,0.026664,0.01129,2.361635
1421.065234,0.026474,0.011243,2.354769
1421.066406,0.026313,0.011193,2.35095
1421.067578,0.026052,0.011148,2.336951
1421.06875,0.025998,0.011115,2.339065
1421.069922,0.025964,0.011081,2.343144
1421.071094,0.025828,0.011041,2.339377
1421.072266,0.02585,0.011002,2.349475
1421.073437,0.02574,0.010964,2.347576
1421.074609,0.025527,0.010923,2.336989
1421.075781,0.025442,0.010877,2.33909
1421.076953,0.025403,0.010843,2.342802
1421.078125,0.025317,0.010813,2.341471
1421.079297,0.025141,0.010759,2.33661
1421.080469,0.025182,0.010716,2.349985
1421.081641,0.02522,0.010685,2.360256
1421.082813,0.025188,0.010652,2.364629
1421.083984,0.024876,0.01062,2.342303
1421.085156,0.024641,0.010576,2.329883
1421.086328,0.024663,0.010534,2.341238
1421.0875,0.024678,0.010492,2.352106
1421.088672,0.024556,0.010448,2.350308
1421.089844,0.024443,0.010413,2.347434
1421.091016,0.024351,0.010397,2.342
1421.092187,0.024247,0.010367,2.338793
1421.093359,0.024153,0.010321,2.340174
1421.094531,0.023938,0.010284,2.32779
1421.095703,0.023709,0.010229,2.31784
1421.096875,0.023685,0.01018,2.326509
1421.098047,0.023788,0.01014,2.345902
1421.099219,0.023801,0.010082,2.360743
1421.100391,0.023791,0.010045,2.368509
1421.101562,0.023635,0.010039,2.354388
1421.102734,0.023404,0.010035,2.332275
1421.103906,0.023227,0.009993,2.324319
1421.105078,0.023247,0.009945,2.337455
1421.10625,0.0232,0.009923,2.338044
1421.107422,0.023082,0.009914,2.328305
1421.108594,0.023048,0.009892,2.330046
1421.109766,0.022939,0.009844,2.330188
1421.110937,0.022807,0.009784,2.331121
1421.112109,0.022591,0.009738,2.319885
1421.113281,0.022448,0.009702,2.3137
1421.114453,0.022417,0.00969,2.31338
1421.115625,0.022526,0.009663,2.331205
1421.116797,0.022555,0.009613,2.346223
1421.117969,0.022412,0.009578,2.34008
1421.119141,0.022293,0.009553,2.333577
1421.120312,0.022323,0.009543,2.339113
1421.121484,0.022191,0.009501,2.3356
1421.122656,0.022045,0.009454,2.331841
1421.123828,0.022017,0.009417,2.338028
1421.125,0.021811,0.009378,2.325812
1421.126172,0.021641,0.009352,2.314105
1421.127344,0.021623,0.009333,2.316905
1421.128516,0.021563,0.009303,2.317738
1421.129688,0.021569,0.009265,2.328073
1421.130859,0.021515,0.009237,2.329225
1421.132031,0.021332,0.009204,2.317857
1421.133203,0.021283,0.009181,2.318103
1421.134375,0.021284,0.009151,2.325763
1421.135547,0.021182,0.009122,2.322174
1421.136719,0.021127,0.0091,2.321708
1421.137891,0.021026,0.009067,2.318898
1421.139062,0.020845,0.009036,2.306944
1421.140234,0.020842,0.009002,2.315347
1421.141406,0.020907,0.008964,2.332341
1421.142578,0.020929,0.008933,2.342792
1421.14375,0.020917,0.008904,2.349205
1421.144922,0.020793,0.008887,2.339749
1421.146094,0.020638,0.008874,2.32559
1421.147266,0.020611,0.008848,2.329469
1421.148438,0.020419,0.008809,2.318002
1421.149609,0.020357,0.008784,2.317524
1421.150781,0.020456,0.008751,2.337612
1421.151953,0.020446,0.008724,2.343537
1421.153125,0.020363,0.008708,2.338504
1421.154297,0.020146,0.008687,2.31918
1421.155469,0.020025,0.008674,2.308706
1421.156641,0.019981,0.008649,2.310298
1421.157812,0.019974,0.008604,2.321381
1421.158984,0.019868,0.008571,2.318016
1421.160156,0.019761,0.008538,2.314582
1421.161328,0.019836,0.008505,2.332413
1421.1625,0.019986,0.008475,2.358112
1421.163672,0.019962,0.008471,2.356497
1421.164844,0.019756,0.008468,2.332964
1421.166016,0.019703,0.008441,2.334264
1421.167187,0.019729,0.008402,2.348295
1421.168359,0.019689,0.00836,2.355197
1421.169531,0.019576,0.008337,2.348259
1421.170703,0.019538,0.008321,2.348101
1421.171875,0.019419,0.008302,2.339153
1421.173047,0.019375,0.008266,2.34393
1421.174219,0.019341,0.008255,2.342881
1421.175391,0.019251,0.008267,2.328654
1421.176563,0.019169,0.008247,2.324324
1421.177734,0.019087,0.008224,2.320921
1421.178906,0.019073,0.008199,2.326369
1421.180078,0.019049,0.008161,2.334139
1421.18125,0.018979,0.008143,2.330788
1421.182422,0.018927,0.008114,2.332707
1421.183594,0.018869,0.008084,2.33418
1421.184766,0.01889,0.008069,2.341013
1421.185937,0.018897,0.008046,2.348646
1421.187109,0.018801,0.008023,2.343492
1421.188281,0.018684,0.007992,2.337775
1421.189453,0.018693,0.007978,2.342966
1421.190625,0.018728,0.007975,2.348398
1421.191797,0.018721,0.007964,2.350794
1421.192969,0.018664,0.007951,2.347487
1421.194141,0.018673,0.007919,2.357875
1421.195312,0.018618,0.007892,2.358953
1421.196484,0.018505,0.007881,2.34815
1421.197656,0.018476,0.007866,2.348733
1421.198828,0.018487,0.007837,2.358822
